Employee_ID,Employee_Name,Gender,Age,Department,Job_Role,City,Joining_Date,Salary,Experience_Years,Performance_Rating,Employment_Status,Manager
E0001,Vikas,Female,38,Operations,Operations Manager,Mumbai,2021-12-11,71890,6,3,Active,S. Mehta
E0002,Simran,Male,44,Operations,Operations Executive,Kolkata,2024-01-03,47275,9,3,Resigned,P. Singh
E0003,Neha,Male,29,IT,Data Analyst,Chennai,2021-09-10,71787,1,4,Active,A. Sharma
E0004,Simran,Male,22,IT,Data Analyst,Kolkata,2018-03-05,57826,0,2,Active,P. Singh
E0005,Rohit,Male,50,Finance,Accountant,Mumbai,2022-05-25,56699,1,5,Active,P. Singh
E0006,Neha,Male,43,HR,HR Manager,Kolkata,2023-09-11,39369,3,2,Active,S. Mehta
E0007,Pooja,Male,45,HR,HR Manager,Chennai,2023-06-20,32181,5,3,Active,R. Gupta
E0008,Pooja,Male,32,Operations,Operations Manager,Mumbai,2022-12-22,114192,1,4,Resigned,A. Sharma
E0009,Neha,Female,53,Finance,Accountant,Kolkata,2023-03-09,51707,0,2,Active,N. Verma
E0010,Rohit,Female,27,HR,HR Manager,Mumbai,2024-05-15,42432,12,2,Active,S. Mehta
E0011,Rohit,Male,39,HR,HR Manager,Delhi,2018-02-20,100262,6,4,Active,P. Singh
E0012,Sneha,Female,58,HR,HR Executive,Bangalore,2024-03-11,96245,2,4,Active,R. Gupta
E0013,Vikas,Male,44,HR,HR Executive,Kolkata,2019-07-06,108829,1,2,Active,R. Gupta
E0014,Rohit,Female,22,Sales,Sales Manager,Hyderabad,2022-11-18,48595,10,5,Active,S. Mehta
E0015,Priya,Female,28,Operations,Operations Manager,Chennai,2022-01-24,51043,7,4,Active,S. Mehta
E0016,Karan,Female,37,HR,HR Manager,Bangalore,2019-09-09,118867,10,4,Resigned,A. Sharma
E0017,Priya,Male,40,Operations,Operations Executive,Bangalore,2019-02-06,104730,10,5,Active,S. Mehta
E0018,Pooja,Female,29,HR,HR Executive,Mumbai,2021-01-29,80719,5,4,Active,R. Gupta
E0019,Karan,Male,49,HR,HR Executive,Mumbai,2020-03-25,86959,0,4,Active,N. Verma
E0020,Karan,Female,26,IT,Software Engineer,Delhi,2022-07-28,73947,9,4,Active,A. Sharma
E0021,Amit,Female,45,Sales,Sales Executive,Mumbai,2022-01-01,107760,4,5,Active,N. Verma
E0022,Simran,Female,56,IT,Data Analyst,Kolkata,2022-05-20,96276,7,5,Active,R. Gupta
E0023,Nisha,Male,35,IT,Data Analyst,Kolkata,2023-09-29,42537,0,3,Resigned,N. Verma
E0024,Nisha,Male,37,HR,HR Manager,Mumbai,2019-12-06,103432,2,4,Resigned,A. Sharma
E0025,Simran,Female,21,Finance,Accountant,Hyderabad,2024-09-03,115101,7,2,Resigned,S. Mehta
E0026,Priya,Male,33,Sales,Sales Executive,Pune,2021-10-31,41076,11,2,Resigned,S. Mehta
E0027,Rohit,Male,28,Sales,Sales Executive,Delhi,2019-07-12,61979,2,5,Active,N. Verma
E0028,Amit,Male,34,HR,HR Executive,Kolkata,2018-08-27,46410,15,2,Active,A. Sharma
E0029,Rohit,Female,56,Sales,Sales Executive,Mumbai,2021-08-04,96363,0,5,Active,A. Sharma
E0030,Amit,Female,28,Operations,Operations Manager,Bangalore,2023-10-31,114373,15,5,Resigned,S. Mehta
E0031,Rahul,Male,53,IT,Data Analyst,Chennai,2023-01-02,108192,8,4,Active,A. Sharma
E0032,Sneha,Male,46,Sales,Sales Executive,Delhi,2018-09-16,79766,14,2,Active,A. Sharma
E0033,Sneha,Female,38,Sales,Sales Executive,Mumbai,2022-05-24,103026,1,3,Active,S. Mehta
E0034,Vikas,Male,48,IT,Software Engineer,Kolkata,2021-03-07,25465,3,4,Resigned,P. Singh
E0035,Rahul,Male,23,Finance,Finance Analyst,Mumbai,2018-09-30,99697,0,4,Active,S. Mehta
E0036,Sneha,Female,38,IT,Data Analyst,Mumbai,2023-04-03,38221,13,5,Active,A. Sharma
E0037,Vikas,Female,38,Sales,Sales Executive,Kolkata,2023-01-22,84383,1,3,Active,A. Sharma
E0038,Nisha,Female,50,HR,HR Executive,Mumbai,2018-09-14,27416,12,4,Active,N. Verma
E0039,Priya,Male,58,Operations,Operations Executive,Kolkata,2019-10-13,66090,7,3,Resigned,N. Verma
E0040,Rohit,Female,47,HR,HR Manager,Bangalore,2024-07-15,119614,6,3,Active,R. Gupta
E0041,Rahul,Male,26,Finance,Finance Analyst,Bangalore,2021-04-20,111781,1,3,Active,N. Verma
E0042,Ankit,Male,25,IT,Software Engineer,Chennai,2019-11-12,56266,0,3,Active,P. Singh
E0043,Nisha,Female,27,IT,Data Analyst,Chennai,2021-12-19,107238,10,3,Resigned,P. Singh
E0044,Vikas,Male,47,IT,Software Engineer,Bangalore,2021-09-29,43825,8,2,Resigned,N. Verma
E0045,Pooja,Male,34,Sales,Sales Executive,Kolkata,2018-11-11,38684,7,5,Active,P. Singh
E0046,Amit,Female,44,IT,Data Analyst,Hyderabad,2018-05-01,28281,10,4,Resigned,R. Gupta
E0047,Priya,Male,49,Operations,Operations Manager,Mumbai,2021-10-25,52244,14,3,Active,A. Sharma
E0048,Priya,Female,22,HR,HR Manager,Hyderabad,2021-02-04,58795,9,5,Active,R. Gupta
E0049,Sneha,Male,55,Operations,Operations Manager,Pune,2020-09-29,75327,14,3,Active,S. Mehta
E0050,Sneha,Male,58,Sales,Sales Executive,Mumbai,2022-08-07,105499,15,5,Active,P. Singh
E0051,Rohit,Male,26,Operations,Operations Executive,Hyderabad,2019-05-09,101491,15,3,Active,P. Singh
E0052,Rahul,Female,46,Operations,Operations Executive,Mumbai,2019-06-07,110217,14,5,Resigned,N. Verma
E0053,Amit,Male,58,IT,Software Engineer,Bangalore,2018-10-17,89930,3,3,Active,R. Gupta
E0054,Simran,Female,55,Operations,Operations Manager,Mumbai,2021-04-22,92245,11,5,Resigned,R. Gupta
E0055,Simran,Female,44,Finance,Accountant,Delhi,2019-04-05,47975,5,5,Active,S. Mehta
E0056,Pooja,Male,23,Operations,Operations Executive,Delhi,2024-06-11,55178,10,3,Resigned,P. Singh
E0057,Ankit,Male,56,Sales,Sales Executive,Bangalore,2018-07-31,60574,13,3,Active,P. Singh
E0058,Rahul,Female,41,IT,Data Analyst,Pune,2024-04-17,60061,2,2,Resigned,S. Mehta
E0059,Vikas,Female,37,IT,Software Engineer,Chennai,2022-03-14,89133,9,4,Active,P. Singh
E0060,Priya,Male,38,Finance,Accountant,Hyderabad,2021-03-28,34536,12,5,Active,S. Mehta
E0061,Pooja,Female,31,Operations,Operations Manager,Mumbai,2020-06-15,102339,0,3,Active,A. Sharma
E0062,Ankit,Female,44,Operations,Operations Executive,Pune,2021-12-28,88938,1,2,Active,N. Verma
E0063,Sneha,Female,23,Sales,Sales Manager,Delhi,2018-01-21,65803,2,2,Active,S. Mehta
E0064,Simran,Female,23,HR,HR Manager,Mumbai,2020-02-14,108668,13,5,Active,A. Sharma
E0065,Neha,Female,38,Sales,Sales Manager,Bangalore,2018-03-23,66018,13,3,Active,N. Verma
E0066,Rahul,Female,28,IT,Software Engineer,Mumbai,2018-12-28,72642,3,5,Active,S. Mehta
E0067,Ankit,Female,47,IT,Data Analyst,Mumbai,2019-12-04,28042,13,3,Active,S. Mehta
E0068,Nisha,Male,27,Operations,Operations Manager,Bangalore,2023-09-15,56904,2,5,Active,N. Verma
E0069,Pooja,Male,43,Operations,Operations Manager,Pune,2024-04-03,76202,6,5,Active,N. Verma
E0070,Priya,Male,23,HR,HR Manager,Bangalore,2020-03-15,90399,14,4,Resigned,N. Verma
E0071,Vikas,Male,29,Sales,Sales Executive,Chennai,2024-06-17,36065,5,2,Active,P. Singh
E0072,Vikas,Female,55,Finance,Accountant,Chennai,2021-03-03,37355,7,4,Active,S. Mehta
E0073,Simran,Female,50,IT,Data Analyst,Pune,2024-01-09,87975,1,3,Active,A. Sharma
E0074,Karan,Female,49,HR,HR Executive,Delhi,2018-10-18,74285,10,5,Active,P. Singh
E0075,Neha,Female,50,HR,HR Manager,Bangalore,2021-08-31,102476,11,4,Active,P. Singh
E0076,Pooja,Female,33,Sales,Sales Executive,Chennai,2021-10-22,33692,8,5,Active,A. Sharma
E0077,Amit,Female,36,HR,HR Manager,Chennai,2020-11-11,32877,14,4,Resigned,N. Verma
E0078,Vikas,Female,58,HR,HR Manager,Hyderabad,2023-10-06,48484,5,5,Active,S. Mehta
E0079,Pooja,Female,35,Sales,Sales Manager,Pune,2022-08-14,102926,0,4,Active,N. Verma
E0080,Priya,Female,58,Operations,Operations Manager,Kolkata,2019-11-20,57392,9,5,Resigned,S. Mehta
E0081,Karan,Male,21,IT,Software Engineer,Pune,2020-10-26,46517,13,3,Active,N. Verma
E0082,Simran,Female,27,HR,HR Manager,Hyderabad,2022-02-20,32689,3,3,Active,R. Gupta
E0083,Amit,Female,25,Operations,Operations Executive,Delhi,2018-11-02,76410,10,2,Resigned,S. Mehta
E0084,Priya,Female,24,Finance,Finance Analyst,Pune,2022-05-30,96844,2,2,Active,S. Mehta
E0085,Rahul,Female,51,Sales,Sales Manager,Chennai,2022-06-30,60305,11,5,Active,P. Singh
E0086,Pooja,Female,30,Finance,Finance Analyst,Hyderabad,2020-05-24,82161,13,5,Active,R. Gupta
E0087,Nisha,Male,46,Operations,Operations Manager,Bangalore,2023-06-07,81016,8,2,Active,A. Sharma
E0088,Nisha,Male,32,HR,HR Manager,Kolkata,2023-05-11,107170,2,5,Resigned,S. Mehta
E0089,Priya,Male,46,IT,Software Engineer,Pune,2021-06-14,114937,10,5,Active,S. Mehta
E0090,Neha,Female,58,Finance,Accountant,Mumbai,2021-06-28,35388,12,4,Active,P. Singh
E0091,Priya,Female,52,IT,Data Analyst,Bangalore,2019-05-28,114871,11,2,Active,A. Sharma
E0092,Karan,Male,31,HR,HR Manager,Kolkata,2020-06-01,74346,12,5,Active,S. Mehta
E0093,Amit,Female,26,Finance,Accountant,Pune,2018-12-14,41280,10,3,Active,R. Gupta
E0094,Neha,Male,22,Sales,Sales Executive,Delhi,2022-01-06,67161,15,2,Active,S. Mehta
E0095,Simran,Male,46,HR,HR Manager,Kolkata,2020-01-28,34863,4,2,Active,S. Mehta
E0096,Pooja,Female,45,IT,Data Analyst,Kolkata,2020-06-01,44393,0,2,Active,P. Singh
E0097,Rohit,Male,54,Finance,Finance Analyst,Mumbai,2023-05-20,75285,12,2,Active,R. Gupta
E0098,Priya,Female,55,Operations,Operations Executive,Delhi,2023-10-20,113676,10,3,Active,R. Gupta
E0099,Ankit,Female,47,HR,HR Manager,Kolkata,2024-04-07,111065,14,5,Active,N. Verma
E0100,Nisha,Male,25,IT,Software Engineer,Kolkata,2022-10-03,118105,9,4,Resigned,A. Sharma
E0101,Sneha,Male,50,HR,HR Manager,Hyderabad,2020-09-20,41331,3,2,Active,N. Verma
E0102,Rohit,Female,35,Operations,Operations Executive,Kolkata,2022-09-06,60752,13,3,Resigned,R. Gupta
E0103,Priya,Male,37,Operations,Operations Executive,Hyderabad,2023-12-09,32671,8,3,Active,R. Gupta
E0104,Simran,Female,42,HR,HR Executive,Delhi,2019-10-19,83039,11,5,Active,P. Singh
E0105,Vikas,Male,47,Operations,Operations Executive,Bangalore,2023-06-28,119304,8,5,Active,P. Singh
E0106,Rohit,Male,51,Sales,Sales Executive,Delhi,2021-07-15,45713,8,4,Active,R. Gupta
E0107,Amit,Male,42,Sales,Sales Manager,Delhi,2021-08-11,112101,5,5,Active,A. Sharma
E0108,Amit,Male,30,Finance,Finance Analyst,Hyderabad,2018-10-08,119082,13,2,Active,R. Gupta
E0109,Neha,Female,34,HR,HR Manager,Pune,2018-09-01,39226,10,2,Active,S. Mehta
E0110,Pooja,Male,55,IT,Data Analyst,Delhi,2021-01-28,94052,2,4,Active,P. Singh
E0111,Simran,Female,44,Operations,Operations Manager,Pune,2023-01-02,110734,11,4,Active,N. Verma
E0112,Sneha,Male,46,Finance,Finance Analyst,Chennai,2021-03-08,73681,6,5,Resigned,N. Verma
E0113,Nisha,Male,48,IT,Software Engineer,Mumbai,2020-03-02,80584,0,2,Active,S. Mehta
E0114,Amit,Male,37,Sales,Sales Executive,Bangalore,2021-04-15,97254,9,2,Active,N. Verma
E0115,Pooja,Female,34,IT,Data Analyst,Chennai,2022-05-27,80824,10,3,Resigned,R. Gupta
E0116,Ankit,Female,28,Finance,Finance Analyst,Pune,2020-07-10,38308,3,3,Resigned,P. Singh
E0117,Karan,Female,56,Sales,Sales Executive,Hyderabad,2019-05-23,34361,14,4,Active,N. Verma
E0118,Sneha,Female,49,IT,Data Analyst,Chennai,2021-09-21,88304,3,2,Active,S. Mehta
E0119,Sneha,Female,44,IT,Software Engineer,Kolkata,2018-08-16,78445,5,2,Resigned,A. Sharma
E0120,Rohit,Male,39,Sales,Sales Manager,Hyderabad,2019-01-30,70151,14,2,Active,S. Mehta
E0121,Ankit,Male,56,Sales,Sales Executive,Bangalore,2022-08-22,91343,5,3,Active,P. Singh
E0122,Neha,Female,21,Sales,Sales Executive,Delhi,2024-08-04,86987,7,3,Active,R. Gupta
E0123,Priya,Female,33,HR,HR Manager,Bangalore,2020-06-01,102812,8,4,Active,R. Gupta
E0124,Simran,Female,22,IT,Data Analyst,Kolkata,2021-03-08,92586,3,5,Active,S. Mehta
E0125,Rohit,Male,23,Finance,Accountant,Delhi,2021-06-10,81061,4,5,Active,S. Mehta
E0126,Ankit,Male,34,HR,HR Manager,Bangalore,2022-07-24,80726,4,5,Active,S. Mehta
E0127,Sneha,Male,54,Finance,Finance Analyst,Hyderabad,2024-10-23,64904,9,3,Active,S. Mehta
E0128,Ankit,Male,38,Sales,Sales Executive,Pune,2022-06-26,58138,5,3,Resigned,N. Verma
E0129,Sneha,Male,24,Operations,Operations Manager,Hyderabad,2023-01-05,44539,2,4,Active,A. Sharma
E0130,Pooja,Male,36,Operations,Operations Manager,Delhi,2019-06-09,78923,6,3,Active,R. Gupta
E0131,Pooja,Male,36,Operations,Operations Manager,Chennai,2023-07-11,95494,1,5,Resigned,P. Singh
E0132,Neha,Male,48,Sales,Sales Executive,Delhi,2021-06-25,31141,11,3,Active,S. Mehta
E0133,Rohit,Female,43,Finance,Finance Analyst,Delhi,2019-08-09,66325,4,4,Active,S. Mehta
E0134,Amit,Male,40,IT,Data Analyst,Chennai,2020-10-12,46475,14,3,Active,S. Mehta
E0135,Pooja,Male,46,Finance,Finance Analyst,Delhi,2024-09-11,115757,4,3,Active,S. Mehta
E0136,Amit,Male,57,Finance,Finance Analyst,Kolkata,2024-01-29,70099,11,2,Active,R. Gupta
E0137,Simran,Female,22,HR,HR Executive,Delhi,2021-11-22,87195,2,3,Active,A. Sharma
E0138,Karan,Male,24,Finance,Finance Analyst,Hyderabad,2018-10-08,38566,9,5,Active,A. Sharma
E0139,Pooja,Female,21,Operations,Operations Manager,Bangalore,2024-04-06,63801,0,5,Active,S. Mehta
E0140,Karan,Female,25,Finance,Finance Analyst,Delhi,2019-02-18,88065,5,4,Resigned,N. Verma
E0141,Karan,Female,27,HR,HR Manager,Mumbai,2022-09-26,41463,5,2,Active,N. Verma
E0142,Ankit,Female,24,HR,HR Manager,Bangalore,2023-09-24,71984,15,5,Active,N. Verma
E0143,Simran,Female,45,HR,HR Executive,Delhi,2018-11-18,27997,0,3,Active,N. Verma
E0144,Nisha,Male,26,IT,Data Analyst,Bangalore,2019-07-01,109483,4,2,Active,A. Sharma
E0145,Vikas,Female,55,IT,Software Engineer,Delhi,2018-07-20,43154,0,5,Active,N. Verma
E0146,Rohit,Female,50,Operations,Operations Manager,Hyderabad,2023-10-02,92972,9,5,Active,P. Singh
E0147,Nisha,Male,31,Operations,Operations Executive,Mumbai,2024-10-15,37102,9,2,Active,P. Singh
E0148,Neha,Male,49,Operations,Operations Executive,Kolkata,2023-05-25,54439,0,2,Active,P. Singh
E0149,Vikas,Male,46,IT,Software Engineer,Kolkata,2022-02-20,32013,9,5,Active,A. Sharma
E0150,Rohit,Female,27,HR,HR Manager,Pune,2021-05-22,60113,8,2,Active,A. Sharma
E0151,Neha,Female,43,Sales,Sales Executive,Hyderabad,2023-10-04,114694,5,4,Active,N. Verma
E0152,Priya,Male,21,IT,Data Analyst,Mumbai,2022-03-03,95293,4,3,Active,P. Singh
E0153,Rahul,Male,50,Finance,Accountant,Pune,2020-02-16,92506,10,3,Resigned,P. Singh
E0154,Priya,Female,40,IT,Software Engineer,Delhi,2020-02-20,43264,7,4,Resigned,R. Gupta
E0155,Nisha,Male,35,IT,Data Analyst,Hyderabad,2021-04-01,71084,0,3,Active,S. Mehta
E0156,Nisha,Female,36,Sales,Sales Executive,Bangalore,2022-01-13,50549,14,5,Active,P. Singh
E0157,Rohit,Male,57,Operations,Operations Executive,Kolkata,2024-11-01,64867,6,2,Resigned,P. Singh
E0158,Karan,Female,46,Sales,Sales Manager,Chennai,2023-07-24,27300,5,2,Active,S. Mehta
E0159,Nisha,Male,38,IT,Software Engineer,Delhi,2020-10-16,114896,1,3,Active,A. Sharma
E0160,Ankit,Female,24,IT,Software Engineer,Pune,2020-12-13,93207,2,2,Resigned,N. Verma
E0161,Rohit,Male,34,Operations,Operations Manager,Delhi,2022-05-03,39907,6,3,Resigned,S. Mehta
E0162,Rohit,Female,53,Sales,Sales Manager,Chennai,2021-12-17,61015,15,4,Active,N. Verma
E0163,Priya,Female,25,Operations,Operations Executive,Pune,2022-12-17,40801,0,2,Active,P. Singh
E0164,Pooja,Male,24,Operations,Operations Executive,Chennai,2021-12-18,90040,15,2,Resigned,P. Singh
E0165,Amit,Female,47,Finance,Accountant,Bangalore,2020-01-25,87062,2,3,Active,A. Sharma
E0166,Nisha,Male,48,Sales,Sales Manager,Pune,2022-06-17,119465,9,5,Active,S. Mehta
E0167,Simran,Male,35,HR,HR Manager,Mumbai,2022-09-12,103494,9,3,Active,P. Singh
E0168,Rahul,Male,30,IT,Software Engineer,Mumbai,2023-04-06,119058,1,4,Active,A. Sharma
E0169,Karan,Male,31,HR,HR Manager,Bangalore,2020-03-22,83056,1,4,Active,S. Mehta
E0170,Neha,Female,44,Operations,Operations Executive,Hyderabad,2018-05-04,80666,5,5,Active,A. Sharma
E0171,Ankit,Male,30,Sales,Sales Manager,Delhi,2023-11-12,70670,9,4,Resigned,A. Sharma
E0172,Karan,Female,38,Finance,Finance Analyst,Delhi,2019-04-18,98784,5,5,Resigned,S. Mehta
E0173,Amit,Female,47,Operations,Operations Manager,Chennai,2022-01-08,71842,0,2,Active,A. Sharma
E0174,Simran,Male,25,HR,HR Manager,Bangalore,2021-07-31,100404,11,4,Active,P. Singh
E0175,Rahul,Female,48,Operations,Operations Executive,Bangalore,2018-05-16,76706,7,3,Active,R. Gupta
E0176,Rahul,Male,22,IT,Software Engineer,Chennai,2021-02-06,66838,4,5,Active,R. Gupta
E0177,Simran,Female,21,HR,HR Executive,Chennai,2022-01-02,65151,2,5,Active,N. Verma
E0178,Priya,Female,42,IT,Data Analyst,Pune,2024-01-15,25317,5,2,Active,P. Singh
E0179,Karan,Female,21,Sales,Sales Executive,Mumbai,2023-11-22,92533,8,5,Resigned,A. Sharma
E0180,Priya,Female,28,Operations,Operations Executive,Mumbai,2024-03-14,61065,2,3,Active,S. Mehta
E0181,Rahul,Male,26,IT,Software Engineer,Kolkata,2018-05-27,109724,5,3,Active,N. Verma
E0182,Neha,Male,51,HR,HR Manager,Hyderabad,2022-04-25,41063,3,4,Active,R. Gupta
E0183,Simran,Male,21,Finance,Accountant,Pune,2019-08-22,64180,2,4,Active,A. Sharma
E0184,Neha,Male,34,Sales,Sales Manager,Mumbai,2023-09-28,96659,1,2,Active,A. Sharma
E0185,Rahul,Male,25,IT,Data Analyst,Kolkata,2021-09-27,48075,9,4,Active,R. Gupta
E0186,Ankit,Female,34,HR,HR Executive,Hyderabad,2020-07-12,112427,6,5,Active,S. Mehta
E0187,Nisha,Female,27,HR,HR Executive,Pune,2022-11-01,96678,4,4,Resigned,R. Gupta
E0188,Neha,Male,43,Operations,Operations Manager,Bangalore,2018-08-06,37705,5,4,Active,R. Gupta
E0189,Pooja,Female,46,Finance,Finance Analyst,Delhi,2021-05-04,105679,1,2,Active,R. Gupta
E0190,Sneha,Male,37,HR,HR Manager,Kolkata,2022-09-08,70522,4,4,Active,R. Gupta
E0191,Pooja,Female,21,IT,Software Engineer,Hyderabad,2024-03-20,27886,13,2,Resigned,A. Sharma
E0192,Vikas,Male,41,IT,Data Analyst,Delhi,2020-06-28,95935,0,5,Resigned,A. Sharma
E0193,Ankit,Female,42,HR,HR Manager,Chennai,2021-07-03,45185,11,3,Active,P. Singh
E0194,Amit,Female,37,HR,HR Manager,Pune,2024-10-21,106037,3,2,Resigned,S. Mehta
E0195,Priya,Female,46,IT,Software Engineer,Bangalore,2024-02-26,47593,8,2,Active,R. Gupta
E0196,Rahul,Male,53,Operations,Operations Executive,Pune,2018-03-10,55594,3,4,Active,S. Mehta
E0197,Simran,Female,21,Finance,Finance Analyst,Chennai,2021-10-26,93986,15,2,Active,P. Singh
E0198,Nisha,Male,48,IT,Data Analyst,Hyderabad,2018-12-24,116209,5,5,Active,A. Sharma
E0199,Ankit,Female,22,IT,Software Engineer,Kolkata,2018-10-12,63337,8,4,Active,N. Verma
E0200,Rahul,Male,44,HR,HR Executive,Hyderabad,2020-10-19,69612,11,2,Resigned,R. Gupta
E0201,Ankit,Female,58,IT,Data Analyst,Mumbai,2020-02-15,86538,4,3,Resigned,S. Mehta
E0202,Karan,Female,22,Operations,Operations Executive,Delhi,2023-07-31,108071,15,4,Active,N. Verma
E0203,Rahul,Female,51,Operations,Operations Manager,Bangalore,2020-03-13,69301,8,2,Active,R. Gupta
E0204,Simran,Female,47,HR,HR Executive,Kolkata,2024-05-23,64463,12,3,Active,P. Singh
E0205,Nisha,Male,52,Finance,Finance Analyst,Kolkata,2024-07-08,115326,2,2,Active,S. Mehta
E0206,Neha,Female,24,Finance,Accountant,Bangalore,2023-04-17,75122,2,2,Active,P. Singh
E0207,Rohit,Male,49,Sales,Sales Manager,Hyderabad,2018-11-09,80099,9,3,Active,S. Mehta
E0208,Neha,Female,39,Operations,Operations Manager,Mumbai,2022-03-25,27791,1,4,Active,S. Mehta
E0209,Neha,Female,57,Sales,Sales Manager,Mumbai,2021-08-19,94505,12,4,Active,S. Mehta
E0210,Priya,Female,25,Operations,Operations Manager,Hyderabad,2024-09-30,100240,10,3,Active,A. Sharma
E0211,Pooja,Male,51,IT,Data Analyst,Kolkata,2018-10-29,78084,5,2,Active,R. Gupta
E0212,Priya,Male,56,Operations,Operations Manager,Delhi,2021-02-26,46331,3,2,Active,P. Singh
E0213,Rahul,Male,35,HR,HR Manager,Mumbai,2020-12-09,101368,0,3,Active,A. Sharma
E0214,Nisha,Female,54,Operations,Operations Manager,Mumbai,2024-08-29,76011,11,3,Active,N. Verma
E0215,Neha,Male,42,Finance,Accountant,Pune,2019-10-05,71968,7,3,Active,P. Singh
E0216,Vikas,Male,46,IT,Software Engineer,Delhi,2021-11-11,40576,13,2,Active,S. Mehta
E0217,Amit,Male,38,Finance,Finance Analyst,Kolkata,2020-04-07,96843,8,4,Resigned,P. Singh
E0218,Amit,Female,46,Finance,Finance Analyst,Pune,2021-02-23,38427,12,2,Resigned,S. Mehta
E0219,Pooja,Female,52,Sales,Sales Executive,Delhi,2020-06-29,58723,11,4,Resigned,N. Verma
E0220,Amit,Female,55,HR,HR Manager,Pune,2023-07-03,75690,1,5,Active,P. Singh
E0221,Pooja,Female,41,IT,Software Engineer,Pune,2019-04-20,30563,10,3,Resigned,A. Sharma
E0222,Sneha,Male,53,Finance,Finance Analyst,Kolkata,2021-10-23,112825,9,2,Active,P. Singh
E0223,Ankit,Male,58,Operations,Operations Executive,Chennai,2023-07-30,35954,8,5,Active,R. Gupta
E0224,Priya,Male,44,Finance,Finance Analyst,Hyderabad,2018-08-17,56503,10,4,Active,S. Mehta
E0225,Ankit,Female,55,Operations,Operations Executive,Mumbai,2024-05-24,53184,7,2,Active,N. Verma
E0226,Ankit,Female,54,HR,HR Executive,Delhi,2019-10-16,96335,9,3,Active,A. Sharma
E0227,Neha,Male,27,Operations,Operations Manager,Delhi,2019-07-13,54841,11,4,Active,R. Gupta
E0228,Priya,Male,55,Operations,Operations Executive,Mumbai,2023-12-03,45617,7,4,Active,P. Singh
E0229,Karan,Male,46,Finance,Accountant,Delhi,2021-07-06,86006,12,5,Active,R. Gupta
E0230,Rahul,Female,50,Sales,Sales Executive,Mumbai,2019-03-04,72566,9,4,Active,R. Gupta
E0231,Priya,Male,39,Sales,Sales Executive,Chennai,2023-03-13,40032,11,5,Active,R. Gupta
E0232,Vikas,Female,42,Operations,Operations Executive,Pune,2021-01-19,29931,11,4,Active,N. Verma
E0233,Karan,Female,34,Finance,Accountant,Delhi,2024-04-24,109957,5,4,Active,R. Gupta
E0234,Rahul,Female,32,HR,HR Executive,Delhi,2023-03-11,113436,3,5,Active,P. Singh
E0235,Pooja,Male,21,Sales,Sales Executive,Kolkata,2021-07-08,74810,5,4,Active,R. Gupta
E0236,Pooja,Male,29,IT,Data Analyst,Mumbai,2018-12-13,49516,2,4,Resigned,S. Mehta
E0237,Sneha,Female,46,Sales,Sales Executive,Chennai,2024-06-30,117227,13,4,Active,R. Gupta
E0238,Rahul,Female,57,IT,Software Engineer,Pune,2020-06-30,52763,3,2,Resigned,S. Mehta
E0239,Sneha,Female,38,Sales,Sales Manager,Chennai,2022-12-15,38319,15,2,Active,N. Verma
E0240,Rahul,Female,42,Sales,Sales Manager,Hyderabad,2024-10-10,74329,10,5,Active,A. Sharma
E0241,Neha,Female,54,IT,Data Analyst,Bangalore,2023-03-21,93084,14,4,Active,S. Mehta
E0242,Pooja,Female,27,HR,HR Manager,Bangalore,2024-06-17,98196,13,3,Resigned,S. Mehta
E0243,Vikas,Male,42,Finance,Accountant,Bangalore,2018-07-28,104856,3,3,Resigned,S. Mehta
E0244,Pooja,Male,41,Finance,Accountant,Chennai,2021-08-23,37723,5,2,Active,A. Sharma
E0245,Rahul,Female,23,HR,HR Executive,Chennai,2018-02-04,109205,11,2,Active,A. Sharma
E0246,Amit,Male,52,Operations,Operations Manager,Kolkata,2018-03-15,61117,0,3,Active,S. Mehta
E0247,Karan,Female,47,IT,Software Engineer,Mumbai,2021-11-06,59918,5,5,Resigned,P. Singh
E0248,Nisha,Male,47,Operations,Operations Executive,Delhi,2024-08-12,118984,10,2,Resigned,A. Sharma
E0249,Rahul,Female,38,HR,HR Executive,Pune,2019-10-06,109621,4,3,Active,R. Gupta
E0250,Amit,Female,48,IT,Software Engineer,Bangalore,2021-09-17,118380,3,4,Resigned,S. Mehta
E0251,Vikas,Male,51,Finance,Finance Analyst,Mumbai,2019-02-08,115793,15,5,Resigned,R. Gupta
E0252,Amit,Male,27,Finance,Accountant,Kolkata,2018-10-01,68048,4,5,Resigned,R. Gupta
E0253,Pooja,Male,54,HR,HR Manager,Bangalore,2020-10-28,106859,4,2,Resigned,N. Verma
E0254,Vikas,Male,23,Operations,Operations Manager,Hyderabad,2021-11-07,25570,3,4,Active,N. Verma
E0255,Rahul,Male,55,IT,Data Analyst,Delhi,2021-11-29,92488,6,3,Active,R. Gupta
E0256,Rohit,Male,44,Sales,Sales Manager,Hyderabad,2024-05-12,64165,4,4,Active,A. Sharma
E0257,Neha,Male,52,HR,HR Executive,Pune,2022-12-19,116549,11,4,Active,N. Verma
E0258,Nisha,Male,54,HR,HR Manager,Bangalore,2018-08-26,39616,6,2,Resigned,P. Singh
E0259,Neha,Male,41,Finance,Finance Analyst,Chennai,2024-04-21,61432,13,2,Active,S. Mehta
E0260,Rohit,Male,24,IT,Software Engineer,Mumbai,2023-10-05,50662,12,3,Active,S. Mehta
E0261,Priya,Female,21,Finance,Accountant,Delhi,2022-11-25,56412,13,5,Active,A. Sharma
E0262,Karan,Female,38,HR,HR Executive,Mumbai,2021-09-21,52549,3,3,Resigned,P. Singh
E0263,Vikas,Male,40,HR,HR Manager,Bangalore,2024-05-24,26986,14,3,Resigned,N. Verma
E0264,Simran,Female,24,Operations,Operations Manager,Bangalore,2024-08-30,118515,1,4,Active,R. Gupta
E0265,Amit,Male,28,HR,HR Manager,Mumbai,2024-09-01,102784,2,2,Active,N. Verma
E0266,Sneha,Female,51,IT,Software Engineer,Kolkata,2020-10-26,31235,1,5,Active,R. Gupta
E0267,Vikas,Female,55,Operations,Operations Executive,Pune,2024-06-26,107998,5,2,Active,S. Mehta
E0268,Pooja,Male,47,Finance,Accountant,Hyderabad,2024-03-06,63174,1,2,Active,R. Gupta
E0269,Ankit,Female,21,Finance,Accountant,Delhi,2021-07-25,97407,1,3,Active,R. Gupta
E0270,Simran,Female,30,Finance,Finance Analyst,Delhi,2022-08-23,71058,8,5,Active,P. Singh
E0271,Sneha,Female,40,Finance,Accountant,Chennai,2019-02-11,41546,1,4,Active,A. Sharma
E0272,Rohit,Male,33,Finance,Finance Analyst,Kolkata,2021-03-23,55865,3,3,Active,A. Sharma
E0273,Karan,Male,34,Sales,Sales Executive,Mumbai,2018-12-22,111395,1,3,Active,P. Singh
E0274,Simran,Male,38,HR,HR Executive,Kolkata,2021-03-18,47555,12,3,Active,P. Singh
E0275,Sneha,Female,55,Finance,Accountant,Kolkata,2021-04-14,32374,2,4,Active,N. Verma
E0276,Rahul,Female,25,Operations,Operations Manager,Chennai,2023-12-03,43348,15,3,Active,R. Gupta
E0277,Simran,Male,22,Finance,Finance Analyst,Mumbai,2019-09-26,79166,10,5,Resigned,P. Singh
E0278,Neha,Male,21,Finance,Accountant,Delhi,2021-05-30,84690,6,2,Active,P. Singh
E0279,Priya,Male,32,Operations,Operations Manager,Chennai,2024-03-07,55375,9,4,Active,A. Sharma
E0280,Sneha,Female,23,HR,HR Manager,Delhi,2019-01-26,49004,11,5,Active,P. Singh
E0281,Karan,Female,58,Finance,Accountant,Bangalore,2023-04-14,57424,0,4,Active,R. Gupta
E0282,Rohit,Male,41,HR,HR Executive,Mumbai,2019-09-01,109985,6,3,Active,A. Sharma
E0283,Ankit,Female,21,IT,Software Engineer,Mumbai,2020-07-16,87371,1,3,Resigned,P. Singh
E0284,Karan,Male,26,Sales,Sales Executive,Mumbai,2021-11-19,36889,7,5,Active,A. Sharma
E0285,Rohit,Female,24,Finance,Accountant,Chennai,2022-01-06,116782,5,2,Active,A. Sharma
E0286,Nisha,Female,26,Finance,Accountant,Pune,2024-01-24,82179,10,3,Active,P. Singh
E0287,Rohit,Female,26,HR,HR Executive,Pune,2024-09-19,70527,15,5,Active,S. Mehta
E0288,Neha,Male,25,Operations,Operations Executive,Hyderabad,2022-01-24,28659,12,5,Active,P. Singh
E0289,Pooja,Female,50,HR,HR Executive,Chennai,2023-10-04,42263,12,4,Resigned,N. Verma
E0290,Pooja,Female,54,HR,HR Executive,Bangalore,2022-07-19,33705,9,3,Active,N. Verma
E0291,Rahul,Female,41,HR,HR Manager,Mumbai,2024-09-20,96441,7,5,Active,P. Singh
E0292,Nisha,Male,35,Operations,Operations Executive,Bangalore,2022-08-08,63990,12,4,Active,S. Mehta
E0293,Pooja,Female,51,Operations,Operations Executive,Pune,2024-09-26,28191,11,2,Active,N. Verma
E0294,Simran,Male,34,Operations,Operations Executive,Bangalore,2024-08-21,40648,5,5,Active,A. Sharma
E0295,Nisha,Male,40,HR,HR Executive,Delhi,2023-03-23,86496,11,5,Resigned,R. Gupta
E0296,Rohit,Male,35,IT,Data Analyst,Pune,2018-01-23,85329,3,3,Resigned,P. Singh
E0297,Ankit,Male,40,IT,Software Engineer,Hyderabad,2020-03-01,38706,11,4,Active,R. Gupta
E0298,Rohit,Female,57,Sales,Sales Executive,Hyderabad,2022-06-15,76681,15,2,Resigned,S. Mehta
E0299,Neha,Female,34,Sales,Sales Manager,Mumbai,2024-08-14,32398,2,5,Active,R. Gupta
E0300,Rahul,Female,31,Operations,Operations Executive,Chennai,2019-09-07,26632,8,3,Active,N. Verma
E0301,Rohit,Male,56,Finance,Accountant,Hyderabad,2024-01-24,61739,0,3,Active,S. Mehta
E0302,Priya,Male,52,Finance,Accountant,Hyderabad,2019-07-05,107403,15,3,Active,A. Sharma
E0303,Ankit,Female,32,Operations,Operations Manager,Mumbai,2022-07-07,79332,3,3,Active,R. Gupta
E0304,Priya,Male,55,IT,Software Engineer,Hyderabad,2023-10-09,43986,13,3,Active,R. Gupta
E0305,Pooja,Male,32,Operations,Operations Manager,Bangalore,2022-10-06,112533,4,3,Resigned,S. Mehta
E0306,Priya,Female,45,IT,Data Analyst,Chennai,2019-12-21,68751,7,3,Active,S. Mehta
E0307,Rohit,Female,44,Operations,Operations Manager,Pune,2021-11-20,25806,4,2,Active,R. Gupta
E0308,Simran,Female,58,IT,Data Analyst,Delhi,2020-06-23,48234,0,4,Active,A. Sharma
E0309,Rahul,Male,29,Sales,Sales Manager,Mumbai,2024-04-28,36256,5,4,Active,S. Mehta
E0310,Nisha,Male,58,HR,HR Manager,Hyderabad,2018-11-30,45525,7,5,Active,R. Gupta
E0311,Nisha,Female,46,HR,HR Manager,Bangalore,2021-04-30,85440,1,5,Active,P. Singh
E0312,Priya,Female,24,Operations,Operations Manager,Bangalore,2019-06-25,33565,10,2,Active,N. Verma
E0313,Ankit,Male,46,Operations,Operations Executive,Hyderabad,2022-06-25,65720,9,2,Active,N. Verma
E0314,Simran,Male,25,HR,HR Executive,Delhi,2023-12-07,61218,5,4,Active,N. Verma
E0315,Rahul,Male,39,Finance,Finance Analyst,Mumbai,2020-04-11,68003,6,4,Active,P. Singh
E0316,Nisha,Female,33,Operations,Operations Executive,Delhi,2018-06-21,51648,10,3,Active,A. Sharma
E0317,Rahul,Female,27,Operations,Operations Manager,Chennai,2024-09-02,39345,10,4,Active,R. Gupta
E0318,Sneha,Female,30,IT,Data Analyst,Hyderabad,2019-02-06,114647,6,2,Active,R. Gupta
E0319,Rohit,Female,22,Sales,Sales Manager,Pune,2023-01-31,85231,8,5,Resigned,S. Mehta
E0320,Rahul,Female,45,HR,HR Executive,Delhi,2021-12-02,36851,10,2,Resigned,P. Singh
E0321,Nisha,Male,43,Finance,Accountant,Chennai,2022-05-11,66088,5,2,Active,A. Sharma
E0322,Rahul,Female,30,Finance,Accountant,Bangalore,2024-04-20,42637,13,2,Active,S. Mehta
E0323,Vikas,Female,34,Sales,Sales Manager,Kolkata,2024-06-04,51451,14,3,Resigned,R. Gupta
E0324,Karan,Female,51,Sales,Sales Executive,Kolkata,2024-04-27,71905,6,5,Active,P. Singh
E0325,Amit,Female,31,IT,Data Analyst,Kolkata,2020-02-28,32176,13,3,Active,A. Sharma
E0326,Sneha,Female,39,IT,Data Analyst,Chennai,2020-03-07,59121,9,4,Active,A. Sharma
E0327,Simran,Female,37,Sales,Sales Executive,Hyderabad,2023-04-30,52196,15,5,Resigned,P. Singh
E0328,Rohit,Female,58,HR,HR Executive,Hyderabad,2018-09-03,34286,9,4,Active,A. Sharma
E0329,Amit,Female,32,Operations,Operations Manager,Pune,2021-03-28,113754,9,3,Active,P. Singh
E0330,Ankit,Male,34,Sales,Sales Manager,Chennai,2022-11-27,46310,6,5,Active,S. Mehta
E0331,Neha,Female,41,Sales,Sales Executive,Bangalore,2021-06-28,100466,0,3,Active,R. Gupta
E0332,Ankit,Male,40,HR,HR Manager,Bangalore,2024-02-26,118796,8,2,Active,S. Mehta
E0333,Neha,Female,28,Operations,Operations Executive,Pune,2018-04-05,85615,14,2,Active,A. Sharma
E0334,Neha,Male,29,IT,Software Engineer,Hyderabad,2020-10-10,90400,13,5,Active,N. Verma
E0335,Rohit,Male,28,Operations,Operations Executive,Kolkata,2020-05-30,41133,10,3,Active,A. Sharma
E0336,Priya,Female,28,Sales,Sales Executive,Kolkata,2018-02-19,28766,15,3,Active,N. Verma
E0337,Ankit,Male,44,IT,Software Engineer,Chennai,2019-04-22,87843,1,4,Active,R. Gupta
E0338,Rahul,Male,33,IT,Software Engineer,Delhi,2024-09-24,54559,10,3,Active,P. Singh
E0339,Amit,Female,28,IT,Software Engineer,Chennai,2020-11-13,33594,4,3,Active,A. Sharma
E0340,Pooja,Male,28,Finance,Accountant,Delhi,2019-09-21,42019,13,3,Active,N. Verma
E0341,Rahul,Female,45,Operations,Operations Executive,Delhi,2023-10-12,88264,3,4,Resigned,A. Sharma
E0342,Neha,Female,45,IT,Data Analyst,Pune,2022-06-24,114665,6,2,Active,A. Sharma
E0343,Karan,Male,31,HR,HR Executive,Mumbai,2023-05-18,108507,9,4,Active,N. Verma
E0344,Sneha,Female,23,Operations,Operations Manager,Kolkata,2021-02-25,62001,3,5,Active,N. Verma
E0345,Neha,Male,35,HR,HR Executive,Hyderabad,2022-03-19,115128,11,4,Active,P. Singh
E0346,Simran,Female,21,IT,Data Analyst,Delhi,2020-10-03,83150,6,2,Active,A. Sharma
E0347,Pooja,Male,56,HR,HR Executive,Pune,2021-10-08,48778,1,4,Active,N. Verma
E0348,Nisha,Male,57,IT,Data Analyst,Hyderabad,2024-02-23,76026,13,3,Resigned,P. Singh
E0349,Karan,Male,26,Operations,Operations Executive,Pune,2021-11-25,39182,5,2,Active,R. Gupta
E0350,Ankit,Male,35,Finance,Finance Analyst,Kolkata,2022-12-30,113326,5,2,Resigned,R. Gupta
E0351,Rahul,Male,43,HR,HR Manager,Bangalore,2018-05-14,43479,9,5,Resigned,N. Verma
E0352,Amit,Female,55,Finance,Finance Analyst,Bangalore,2019-03-09,66360,5,4,Resigned,P. Singh
E0353,Rahul,Female,22,Operations,Operations Manager,Delhi,2022-11-24,58890,12,3,Resigned,S. Mehta
E0354,Karan,Male,47,Finance,Finance Analyst,Pune,2020-10-04,89817,13,4,Active,S. Mehta
E0355,Karan,Female,38,IT,Data Analyst,Hyderabad,2022-08-29,108953,1,2,Active,R. Gupta
E0356,Pooja,Female,57,HR,HR Executive,Mumbai,2021-05-25,84045,8,5,Resigned,S. Mehta
E0357,Karan,Female,41,Finance,Finance Analyst,Bangalore,2019-09-21,33936,5,5,Active,P. Singh
E0358,Rahul,Male,32,HR,HR Executive,Bangalore,2020-05-04,73603,11,5,Active,N. Verma
E0359,Priya,Female,26,HR,HR Executive,Pune,2022-08-15,72618,2,2,Active,A. Sharma
E0360,Rahul,Female,36,IT,Data Analyst,Delhi,2021-08-15,114653,7,3,Active,S. Mehta
E0361,Priya,Female,43,IT,Software Engineer,Chennai,2020-04-02,103270,1,2,Active,S. Mehta
E0362,Amit,Male,49,HR,HR Manager,Hyderabad,2023-11-26,63134,4,2,Active,R. Gupta
E0363,Pooja,Male,53,IT,Data Analyst,Kolkata,2020-04-14,63809,3,2,Active,P. Singh
E0364,Priya,Female,58,IT,Software Engineer,Bangalore,2024-10-26,115164,5,2,Active,A. Sharma
E0365,Simran,Female,55,Operations,Operations Executive,Kolkata,2020-05-04,116384,10,2,Active,R. Gupta
E0366,Simran,Male,31,IT,Data Analyst,Bangalore,2020-06-18,65653,6,3,Active,R. Gupta
E0367,Rohit,Female,46,Operations,Operations Manager,Kolkata,2020-04-26,60588,14,2,Active,P. Singh
E0368,Rahul,Female,37,Operations,Operations Executive,Mumbai,2019-06-01,112378,15,5,Active,A. Sharma
E0369,Pooja,Female,36,Sales,Sales Executive,Kolkata,2022-06-20,37136,0,2,Resigned,P. Singh
E0370,Pooja,Female,35,Finance,Finance Analyst,Bangalore,2019-06-10,109620,2,2,Active,S. Mehta
E0371,Pooja,Male,44,Finance,Accountant,Pune,2024-05-08,79632,5,4,Active,P. Singh
E0372,Ankit,Male,47,HR,HR Executive,Bangalore,2020-08-14,93276,0,3,Resigned,S. Mehta
E0373,Amit,Female,32,Finance,Accountant,Hyderabad,2018-08-26,119695,0,5,Active,A. Sharma
E0374,Ankit,Female,30,HR,HR Manager,Bangalore,2018-01-06,64692,3,2,Active,P. Singh
E0375,Sneha,Male,35,Sales,Sales Manager,Hyderabad,2021-12-23,67650,13,3,Active,P. Singh
E0376,Neha,Female,46,Sales,Sales Manager,Kolkata,2018-10-28,31358,5,3,Resigned,N. Verma
E0377,Rohit,Male,57,Sales,Sales Manager,Pune,2019-09-03,117528,3,5,Active,S. Mehta
E0378,Rohit,Female,23,HR,HR Executive,Delhi,2023-06-14,58019,15,3,Active,S. Mehta
E0379,Pooja,Female,43,HR,HR Executive,Pune,2022-04-14,89536,15,3,Active,A. Sharma
E0380,Sneha,Female,27,Operations,Operations Manager,Delhi,2021-12-25,46732,0,3,Resigned,S. Mehta
E0381,Amit,Female,21,Sales,Sales Executive,Pune,2018-12-14,104265,2,5,Active,A. Sharma
E0382,Priya,Male,23,Finance,Accountant,Bangalore,2020-10-23,64230,13,5,Active,R. Gupta
E0383,Rahul,Female,45,IT,Data Analyst,Bangalore,2021-12-16,81225,7,4,Resigned,R. Gupta
E0384,Simran,Male,36,HR,HR Executive,Chennai,2019-10-18,64080,15,2,Active,R. Gupta
E0385,Neha,Female,40,IT,Data Analyst,Pune,2018-12-23,53115,2,3,Active,P. Singh
E0386,Amit,Female,21,IT,Data Analyst,Chennai,2022-02-26,51189,12,4,Active,P. Singh
E0387,Rohit,Male,36,Operations,Operations Manager,Bangalore,2024-08-24,68544,5,5,Active,S. Mehta
E0388,Pooja,Female,52,IT,Data Analyst,Kolkata,2020-05-09,85308,10,3,Active,N. Verma
E0389,Neha,Male,50,HR,HR Manager,Hyderabad,2022-11-09,104000,9,2,Resigned,N. Verma
E0390,Priya,Female,32,Operations,Operations Executive,Bangalore,2018-12-05,98391,0,4,Resigned,N. Verma
E0391,Nisha,Female,24,Sales,Sales Executive,Mumbai,2020-05-25,44071,0,4,Active,P. Singh
E0392,Pooja,Female,26,HR,HR Executive,Kolkata,2023-10-25,45682,8,5,Resigned,S. Mehta
E0393,Rohit,Male,24,IT,Software Engineer,Pune,2018-04-27,119747,7,4,Active,N. Verma
E0394,Simran,Female,46,IT,Software Engineer,Hyderabad,2020-08-16,76958,3,2,Resigned,R. Gupta
E0395,Vikas,Male,23,Operations,Operations Executive,Mumbai,2022-09-16,88901,0,2,Active,R. Gupta
E0396,Neha,Male,45,HR,HR Executive,Mumbai,2021-01-16,41314,6,4,Active,A. Sharma
E0397,Rohit,Male,37,HR,HR Executive,Hyderabad,2022-04-25,96367,3,5,Resigned,P. Singh
E0398,Rohit,Female,25,Finance,Accountant,Delhi,2021-01-24,79013,15,5,Active,N. Verma
E0399,Karan,Male,55,Operations,Operations Manager,Delhi,2024-10-20,62927,8,2,Active,P. Singh
E0400,Rahul,Female,22,IT,Data Analyst,Bangalore,2019-06-04,64556,14,4,Resigned,N. Verma
E0401,Sneha,Male,31,Finance,Finance Analyst,Hyderabad,2021-04-12,59198,7,2,Active,P. Singh
E0402,Simran,Female,45,Sales,Sales Manager,Chennai,2020-03-06,41151,11,2,Active,S. Mehta
E0403,Sneha,Female,37,IT,Data Analyst,Hyderabad,2018-01-18,81009,2,3,Active,N. Verma
E0404,Vikas,Male,53,Finance,Finance Analyst,Hyderabad,2024-04-06,104420,6,4,Active,S. Mehta
E0405,Sneha,Female,46,HR,HR Executive,Pune,2024-06-07,67756,10,3,Active,A. Sharma
E0406,Neha,Male,45,IT,Software Engineer,Hyderabad,2019-07-22,65659,5,2,Resigned,R. Gupta
E0407,Amit,Male,35,Sales,Sales Manager,Bangalore,2021-12-01,104020,14,4,Resigned,A. Sharma
E0408,Priya,Female,47,Sales,Sales Manager,Hyderabad,2021-11-24,28870,11,5,Resigned,R. Gupta
E0409,Rohit,Female,45,Operations,Operations Manager,Hyderabad,2021-06-11,27045,7,3,Resigned,R. Gupta
E0410,Sneha,Female,58,HR,HR Manager,Pune,2022-02-13,50165,15,3,Active,S. Mehta
E0411,Pooja,Male,49,Finance,Finance Analyst,Kolkata,2021-02-21,100026,15,2,Active,R. Gupta
E0412,Simran,Male,56,HR,HR Manager,Hyderabad,2019-08-29,68444,1,3,Active,P. Singh
E0413,Priya,Male,39,Operations,Operations Manager,Kolkata,2021-11-08,81390,15,2,Active,N. Verma
E0414,Pooja,Male,33,Sales,Sales Manager,Bangalore,2018-11-12,59752,7,5,Active,N. Verma
E0415,Amit,Male,22,Sales,Sales Manager,Pune,2021-03-16,71288,8,4,Active,R. Gupta
E0416,Priya,Female,35,Operations,Operations Manager,Bangalore,2018-10-04,99513,15,4,Active,R. Gupta
E0417,Rohit,Male,52,HR,HR Manager,Delhi,2024-07-14,32095,9,5,Resigned,A. Sharma
E0418,Amit,Male,55,HR,HR Executive,Chennai,2022-08-15,100573,9,5,Active,R. Gupta
E0419,Karan,Female,41,IT,Data Analyst,Pune,2020-11-06,63077,14,2,Active,S. Mehta
E0420,Nisha,Female,56,Operations,Operations Manager,Hyderabad,2019-04-15,106560,14,3,Active,P. Singh
E0421,Amit,Female,27,HR,HR Manager,Delhi,2024-02-19,83425,9,2,Active,P. Singh
E0422,Sneha,Female,45,HR,HR Executive,Pune,2022-07-23,108469,12,2,Active,R. Gupta
E0423,Karan,Male,57,Sales,Sales Executive,Kolkata,2024-02-14,52582,15,4,Active,R. Gupta
E0424,Ankit,Female,34,Operations,Operations Manager,Kolkata,2020-05-21,83393,4,4,Resigned,S. Mehta
E0425,Ankit,Male,45,Operations,Operations Manager,Hyderabad,2018-04-28,91943,7,5,Active,R. Gupta
E0426,Rohit,Male,58,HR,HR Manager,Delhi,2022-03-07,69189,11,3,Active,A. Sharma
E0427,Priya,Male,50,IT,Software Engineer,Hyderabad,2021-03-20,69809,6,4,Active,N. Verma
E0428,Nisha,Male,38,Sales,Sales Manager,Mumbai,2022-05-06,73631,8,4,Active,N. Verma
E0429,Ankit,Female,41,HR,HR Executive,Mumbai,2021-09-27,118581,15,3,Active,R. Gupta
E0430,Vikas,Male,52,Sales,Sales Manager,Delhi,2020-09-24,100104,5,5,Resigned,S. Mehta
E0431,Nisha,Male,56,Operations,Operations Executive,Hyderabad,2023-02-26,118493,3,3,Resigned,S. Mehta
E0432,Rohit,Male,38,HR,HR Executive,Pune,2020-08-21,39949,15,2,Active,S. Mehta
E0433,Amit,Female,29,IT,Data Analyst,Chennai,2021-09-26,118869,15,3,Active,S. Mehta
E0434,Neha,Female,32,HR,HR Executive,Mumbai,2022-01-08,119250,1,5,Active,N. Verma
E0435,Karan,Male,43,Sales,Sales Manager,Hyderabad,2023-04-23,53898,5,5,Active,N. Verma
E0436,Pooja,Female,43,Operations,Operations Executive,Delhi,2024-04-11,74457,6,4,Resigned,A. Sharma
E0437,Sneha,Female,41,Finance,Finance Analyst,Delhi,2018-04-06,65124,1,4,Resigned,N. Verma
E0438,Pooja,Male,31,Operations,Operations Executive,Delhi,2021-12-26,57701,11,2,Active,N. Verma
E0439,Karan,Female,50,IT,Data Analyst,Bangalore,2019-02-27,97410,8,2,Resigned,R. Gupta
E0440,Sneha,Female,35,IT,Software Engineer,Mumbai,2023-12-20,27384,0,2,Active,N. Verma
E0441,Amit,Male,56,Sales,Sales Executive,Kolkata,2024-02-09,97171,9,5,Active,S. Mehta
E0442,Vikas,Male,43,Operations,Operations Manager,Kolkata,2022-08-11,39910,11,3,Active,A. Sharma
E0443,Karan,Male,30,Sales,Sales Manager,Kolkata,2023-05-24,79711,9,2,Active,P. Singh
E0444,Rohit,Female,25,HR,HR Executive,Chennai,2020-11-18,98338,4,2,Resigned,P. Singh
E0445,Rohit,Female,37,IT,Data Analyst,Mumbai,2023-11-08,65723,7,3,Active,R. Gupta
E0446,Neha,Male,23,Sales,Sales Executive,Hyderabad,2018-09-01,109226,8,4,Active,A. Sharma
E0447,Karan,Male,41,Finance,Finance Analyst,Mumbai,2020-03-05,86924,5,5,Active,S. Mehta
E0448,Rohit,Female,55,IT,Software Engineer,Pune,2022-10-16,62610,10,5,Active,N. Verma
E0449,Priya,Male,51,Sales,Sales Manager,Chennai,2023-04-04,27696,7,3,Active,R. Gupta
E0450,Amit,Male,42,Sales,Sales Manager,Bangalore,2021-05-26,111927,14,3,Active,A. Sharma
E0451,Neha,Female,52,Sales,Sales Executive,Kolkata,2021-08-28,26954,9,5,Active,N. Verma
E0452,Pooja,Female,29,Operations,Operations Executive,Mumbai,2021-10-04,73179,5,4,Active,N. Verma
E0453,Rahul,Female,53,Finance,Finance Analyst,Delhi,2018-12-06,45989,5,5,Active,P. Singh
E0454,Simran,Female,21,IT,Data Analyst,Mumbai,2020-06-02,28885,14,5,Active,N. Verma
E0455,Pooja,Female,47,Sales,Sales Manager,Delhi,2019-08-11,43792,10,3,Resigned,P. Singh
E0456,Nisha,Female,30,HR,HR Manager,Chennai,2024-09-16,82790,12,2,Active,R. Gupta
E0457,Sneha,Male,44,Operations,Operations Executive,Chennai,2020-07-15,115453,3,2,Active,N. Verma
E0458,Neha,Male,57,Finance,Accountant,Hyderabad,2020-05-01,109139,9,5,Active,A. Sharma
E0459,Neha,Female,37,IT,Data Analyst,Mumbai,2018-05-17,54444,15,2,Active,R. Gupta
E0460,Rahul,Female,43,Operations,Operations Manager,Mumbai,2020-12-26,102856,3,2,Active,N. Verma
E0461,Vikas,Male,25,Operations,Operations Executive,Hyderabad,2020-09-22,41599,13,4,Resigned,P. Singh
E0462,Amit,Female,27,IT,Data Analyst,Chennai,2019-11-04,89823,9,5,Active,S. Mehta
E0463,Sneha,Male,48,Finance,Finance Analyst,Mumbai,2018-08-12,25436,0,3,Active,N. Verma
E0464,Rahul,Female,37,Operations,Operations Executive,Bangalore,2022-08-08,112893,4,2,Active,P. Singh
E0465,Karan,Male,43,Finance,Finance Analyst,Hyderabad,2020-03-15,49774,7,3,Active,P. Singh
E0466,Simran,Female,50,IT,Data Analyst,Delhi,2022-05-06,75696,13,4,Active,R. Gupta
E0467,Pooja,Male,42,Operations,Operations Executive,Hyderabad,2020-11-06,101049,3,4,Active,N. Verma
E0468,Rahul,Female,36,IT,Software Engineer,Pune,2018-02-10,116673,14,3,Resigned,S. Mehta
E0469,Rahul,Female,50,Finance,Accountant,Delhi,2019-12-02,84563,7,3,Active,R. Gupta
E0470,Sneha,Male,44,IT,Data Analyst,Delhi,2018-07-07,45113,10,5,Active,R. Gupta
E0471,Karan,Male,36,HR,HR Executive,Hyderabad,2019-08-04,58578,7,4,Active,A. Sharma
E0472,Pooja,Female,33,IT,Data Analyst,Bangalore,2019-12-21,59033,6,5,Active,P. Singh
E0473,Rohit,Male,52,Operations,Operations Manager,Chennai,2023-08-23,91962,15,3,Active,A. Sharma
E0474,Amit,Female,32,HR,HR Executive,Mumbai,2020-03-22,37518,14,2,Resigned,P. Singh
E0475,Pooja,Female,27,HR,HR Executive,Hyderabad,2018-09-17,105670,13,3,Active,P. Singh
E0476,Neha,Male,51,Finance,Finance Analyst,Bangalore,2022-06-20,47257,9,5,Active,R. Gupta
E0477,Ankit,Female,29,HR,HR Executive,Mumbai,2022-09-24,25259,7,2,Active,A. Sharma
E0478,Priya,Male,46,Sales,Sales Executive,Chennai,2019-03-18,91721,6,5,Active,R. Gupta
E0479,Rahul,Female,22,Finance,Finance Analyst,Mumbai,2022-03-11,104897,14,2,Active,P. Singh
E0480,Vikas,Male,46,IT,Data Analyst,Chennai,2024-03-19,41834,11,5,Active,S. Mehta
E0481,Neha,Male,25,IT,Software Engineer,Chennai,2018-07-25,74566,8,5,Active,S. Mehta
E0482,Karan,Male,54,Sales,Sales Executive,Delhi,2022-03-16,43578,10,5,Active,P. Singh
E0483,Pooja,Male,29,HR,HR Executive,Mumbai,2021-01-28,96964,4,4,Resigned,A. Sharma
E0484,Nisha,Female,36,Operations,Operations Executive,Hyderabad,2023-02-23,83024,10,3,Resigned,S. Mehta
E0485,Priya,Male,41,Sales,Sales Manager,Delhi,2018-04-30,85970,1,2,Resigned,R. Gupta
E0486,Nisha,Male,43,Operations,Operations Executive,Hyderabad,2022-09-07,46827,5,3,Resigned,P. Singh
E0487,Vikas,Female,45,Finance,Accountant,Delhi,2019-09-01,83587,3,4,Resigned,S. Mehta
E0488,Simran,Male,31,Finance,Finance Analyst,Hyderabad,2022-05-31,58868,8,2,Active,P. Singh
E0489,Rohit,Female,32,Finance,Accountant,Bangalore,2024-02-12,113712,8,3,Active,S. Mehta
E0490,Karan,Female,47,Sales,Sales Executive,Mumbai,2023-01-22,44272,9,4,Active,N. Verma
E0491,Rahul,Male,23,Finance,Finance Analyst,Delhi,2021-05-12,105446,14,3,Active,N. Verma
E0492,Sneha,Female,23,Sales,Sales Executive,Hyderabad,2023-09-30,100954,5,5,Resigned,P. Singh
E0493,Sneha,Female,28,Finance,Finance Analyst,Pune,2019-01-18,89017,0,5,Active,A. Sharma
E0494,Sneha,Male,29,Operations,Operations Executive,Hyderabad,2019-04-11,88803,1,3,Resigned,A. Sharma
E0495,Vikas,Male,56,Operations,Operations Executive,Bangalore,2020-06-04,82485,15,3,Active,A. Sharma
E0496,Vikas,Female,57,IT,Data Analyst,Mumbai,2024-01-24,88424,13,5,Active,P. Singh
E0497,Neha,Male,52,Finance,Accountant,Kolkata,2022-07-21,44878,1,2,Active,R. Gupta
E0498,Vikas,Male,33,Finance,Finance Analyst,Hyderabad,2020-10-09,31688,4,3,Active,R. Gupta
E0499,Rohit,Male,52,Sales,Sales Executive,Mumbai,2022-03-28,105723,3,5,Active,R. Gupta
E0500,Neha,Male,28,Finance,Accountant,Pune,2019-06-10,65058,14,2,Resigned,P. Singh
E0501,Karan,Male,48,HR,HR Manager,Bangalore,2020-12-07,98005,9,2,Active,P. Singh
E0502,Simran,Female,29,IT,Data Analyst,Chennai,2023-10-20,110950,11,5,Active,P. Singh
E0503,Nisha,Female,31,Sales,Sales Manager,Kolkata,2022-10-04,93805,10,5,Active,N. Verma
E0504,Rahul,Female,36,Sales,Sales Executive,Pune,2019-05-07,119469,11,5,Resigned,P. Singh
E0505,Ankit,Female,41,HR,HR Executive,Bangalore,2018-03-21,97250,13,3,Active,A. Sharma
E0506,Ankit,Male,45,IT,Data Analyst,Kolkata,2022-09-15,63145,6,3,Active,S. Mehta
E0507,Neha,Female,53,IT,Data Analyst,Bangalore,2021-08-22,95870,7,5,Resigned,P. Singh
E0508,Ankit,Female,46,Operations,Operations Executive,Bangalore,2022-03-17,69848,1,3,Active,R. Gupta
E0509,Priya,Female,29,Finance,Finance Analyst,Pune,2023-09-15,93635,11,5,Resigned,P. Singh
E0510,Vikas,Male,34,Operations,Operations Executive,Chennai,2022-03-26,68020,12,5,Active,P. Singh
E0511,Vikas,Female,37,IT,Software Engineer,Kolkata,2021-08-25,69903,14,4,Active,S. Mehta
E0512,Priya,Female,24,Sales,Sales Manager,Kolkata,2022-08-05,41503,6,5,Active,A. Sharma
E0513,Rohit,Male,56,Finance,Accountant,Kolkata,2019-12-09,59693,10,5,Active,P. Singh
E0514,Rahul,Female,28,Finance,Accountant,Bangalore,2023-04-16,72150,15,4,Resigned,A. Sharma
E0515,Priya,Male,27,Operations,Operations Manager,Hyderabad,2024-04-13,69691,0,5,Resigned,S. Mehta
E0516,Neha,Female,53,Operations,Operations Executive,Hyderabad,2021-05-02,87860,0,4,Active,R. Gupta
E0517,Neha,Female,51,IT,Software Engineer,Chennai,2019-07-01,32559,12,3,Active,N. Verma
E0518,Pooja,Female,34,Operations,Operations Manager,Pune,2024-10-04,100700,15,2,Active,P. Singh
E0519,Simran,Female,38,HR,HR Executive,Hyderabad,2023-06-26,78973,8,3,Active,A. Sharma
E0520,Amit,Female,55,Sales,Sales Executive,Hyderabad,2018-02-15,85908,10,3,Active,P. Singh
E0521,Priya,Female,48,Sales,Sales Executive,Bangalore,2022-04-08,48315,1,3,Resigned,R. Gupta
E0522,Neha,Female,31,IT,Data Analyst,Kolkata,2023-12-21,58639,8,4,Resigned,N. Verma
E0523,Pooja,Female,36,Sales,Sales Executive,Bangalore,2023-02-05,97432,14,4,Resigned,S. Mehta
E0524,Pooja,Female,39,Finance,Accountant,Bangalore,2024-05-30,56435,14,2,Active,R. Gupta
E0525,Priya,Male,37,Finance,Finance Analyst,Pune,2024-08-21,92887,4,2,Active,P. Singh
E0526,Neha,Male,23,Finance,Accountant,Bangalore,2024-05-23,54944,9,3,Active,P. Singh
E0527,Rohit,Male,42,Operations,Operations Executive,Mumbai,2021-08-11,71806,3,5,Resigned,R. Gupta
E0528,Ankit,Female,29,IT,Software Engineer,Chennai,2024-08-08,105612,12,3,Active,A. Sharma
E0529,Nisha,Female,38,Finance,Finance Analyst,Mumbai,2021-09-15,47967,8,4,Active,S. Mehta
E0530,Priya,Female,28,HR,HR Executive,Bangalore,2020-07-03,116917,1,5,Active,R. Gupta
E0531,Pooja,Male,23,Operations,Operations Manager,Pune,2021-07-29,71569,8,2,Active,A. Sharma
E0532,Vikas,Male,46,HR,HR Executive,Chennai,2022-01-22,60570,8,2,Active,P. Singh
E0533,Sneha,Female,35,HR,HR Executive,Delhi,2024-08-22,95449,12,2,Active,N. Verma
E0534,Simran,Female,32,Finance,Finance Analyst,Mumbai,2024-08-21,40911,12,3,Active,N. Verma
E0535,Rohit,Female,21,Finance,Finance Analyst,Kolkata,2024-07-20,43004,12,2,Active,N. Verma
E0536,Karan,Male,56,IT,Software Engineer,Chennai,2019-10-23,106760,4,5,Active,A. Sharma
E0537,Simran,Female,31,Sales,Sales Executive,Chennai,2022-03-03,38963,6,4,Resigned,N. Verma
E0538,Priya,Female,55,Sales,Sales Executive,Kolkata,2020-12-21,76106,14,2,Active,A. Sharma
E0539,Amit,Female,28,HR,HR Executive,Bangalore,2021-01-04,66039,1,5,Active,R. Gupta
E0540,Sneha,Male,32,Sales,Sales Executive,Bangalore,2022-04-21,35731,11,3,Active,S. Mehta
E0541,Priya,Male,50,HR,HR Executive,Pune,2023-09-29,31778,12,4,Active,R. Gupta
E0542,Sneha,Female,44,HR,HR Manager,Delhi,2024-09-18,35328,14,3,Active,N. Verma
E0543,Karan,Male,26,HR,HR Manager,Delhi,2023-12-31,118763,11,5,Resigned,P. Singh
E0544,Rohit,Male,41,Finance,Finance Analyst,Kolkata,2018-01-21,33564,9,5,Resigned,R. Gupta
E0545,Karan,Male,40,Sales,Sales Executive,Kolkata,2023-03-21,39812,0,3,Active,P. Singh
E0546,Neha,Male,28,Finance,Accountant,Mumbai,2018-03-26,56080,15,5,Active,R. Gupta
E0547,Ankit,Female,48,Operations,Operations Executive,Delhi,2023-05-24,115526,7,5,Active,R. Gupta
E0548,Rahul,Male,44,IT,Data Analyst,Mumbai,2020-04-11,60171,8,4,Active,R. Gupta
E0549,Sneha,Male,44,Sales,Sales Manager,Kolkata,2022-04-13,51774,11,5,Active,N. Verma
E0550,Sneha,Female,53,Finance,Accountant,Bangalore,2024-10-04,61155,7,3,Active,A. Sharma
E0551,Simran,Male,46,HR,HR Executive,Chennai,2023-07-11,45178,13,3,Active,P. Singh
E0552,Rahul,Male,21,Finance,Accountant,Bangalore,2019-02-06,99050,15,5,Active,S. Mehta
E0553,Sneha,Female,22,Operations,Operations Manager,Bangalore,2020-09-22,96185,11,4,Active,A. Sharma
E0554,Nisha,Female,51,Sales,Sales Executive,Kolkata,2019-10-17,100070,1,3,Resigned,R. Gupta
E0555,Neha,Male,28,Operations,Operations Manager,Delhi,2022-10-31,26995,9,3,Resigned,A. Sharma
E0556,Pooja,Male,56,Sales,Sales Manager,Bangalore,2020-02-10,57671,6,3,Active,S. Mehta
E0557,Sneha,Male,51,Sales,Sales Manager,Hyderabad,2018-07-28,70588,8,2,Active,R. Gupta
E0558,Neha,Male,25,Sales,Sales Executive,Hyderabad,2022-07-26,60970,7,3,Active,R. Gupta
E0559,Nisha,Male,35,Operations,Operations Manager,Bangalore,2022-01-06,57258,7,2,Resigned,A. Sharma
E0560,Priya,Female,35,HR,HR Manager,Bangalore,2020-06-22,108686,12,3,Resigned,P. Singh
E0561,Amit,Male,46,Operations,Operations Manager,Bangalore,2021-02-17,77135,9,3,Active,A. Sharma
E0562,Rohit,Female,37,HR,HR Executive,Mumbai,2021-12-18,85189,9,4,Resigned,A. Sharma
E0563,Rohit,Female,22,HR,HR Manager,Hyderabad,2022-01-06,54749,9,5,Active,A. Sharma
E0564,Ankit,Female,24,Operations,Operations Executive,Mumbai,2024-01-05,68831,11,4,Active,R. Gupta
E0565,Rohit,Male,54,HR,HR Manager,Hyderabad,2019-08-17,52902,11,3,Active,A. Sharma
E0566,Rahul,Female,42,IT,Software Engineer,Kolkata,2024-07-29,107128,12,5,Active,A. Sharma
E0567,Rohit,Male,22,IT,Data Analyst,Bangalore,2020-02-24,110165,6,3,Active,S. Mehta
E0568,Simran,Female,26,Finance,Finance Analyst,Hyderabad,2021-07-14,87280,6,4,Active,S. Mehta
E0569,Simran,Female,37,Sales,Sales Manager,Chennai,2022-04-02,79386,11,5,Active,P. Singh
E0570,Sneha,Male,28,Finance,Finance Analyst,Pune,2018-02-12,66871,6,3,Resigned,P. Singh
E0571,Neha,Female,48,IT,Software Engineer,Hyderabad,2020-07-13,65657,4,2,Active,S. Mehta
E0572,Rohit,Female,21,Sales,Sales Manager,Kolkata,2024-05-28,36749,1,4,Active,A. Sharma
E0573,Amit,Male,27,Finance,Finance Analyst,Pune,2020-07-01,46279,1,5,Active,P. Singh
E0574,Karan,Male,21,Sales,Sales Executive,Bangalore,2022-04-05,56046,5,2,Resigned,S. Mehta
E0575,Rahul,Female,47,Finance,Finance Analyst,Chennai,2024-01-18,82225,9,3,Active,A. Sharma
E0576,Simran,Female,40,Operations,Operations Manager,Bangalore,2024-03-26,28755,0,4,Active,A. Sharma
E0577,Ankit,Male,33,Finance,Accountant,Chennai,2024-10-16,78434,5,4,Active,R. Gupta
E0578,Ankit,Female,37,Sales,Sales Executive,Kolkata,2022-02-24,104609,11,5,Active,S. Mehta
E0579,Amit,Male,51,Finance,Accountant,Bangalore,2022-04-22,113566,1,3,Active,P. Singh
E0580,Priya,Female,24,Operations,Operations Manager,Chennai,2019-07-19,53944,1,2,Active,P. Singh
E0581,Priya,Male,36,Sales,Sales Executive,Kolkata,2018-07-21,103780,5,4,Active,P. Singh
E0582,Vikas,Female,38,IT,Software Engineer,Delhi,2022-07-10,92911,13,4,Active,S. Mehta
E0583,Ankit,Male,22,Operations,Operations Executive,Chennai,2020-02-22,119644,14,3,Active,A. Sharma
E0584,Karan,Female,43,Finance,Accountant,Chennai,2020-05-26,114414,13,2,Active,P. Singh
E0585,Nisha,Male,39,IT,Data Analyst,Hyderabad,2023-10-18,97182,15,5,Active,P. Singh
E0586,Neha,Female,56,Sales,Sales Manager,Kolkata,2019-03-09,57310,12,3,Active,P. Singh
E0587,Simran,Male,58,Operations,Operations Executive,Hyderabad,2020-07-12,95372,9,5,Active,R. Gupta
E0588,Neha,Male,52,Operations,Operations Manager,Mumbai,2019-11-04,35743,11,2,Active,S. Mehta
E0589,Sneha,Female,42,IT,Software Engineer,Mumbai,2018-06-19,110889,5,3,Resigned,N. Verma
E0590,Rahul,Male,31,Operations,Operations Executive,Hyderabad,2023-08-17,45481,6,4,Active,R. Gupta
E0591,Ankit,Male,31,IT,Software Engineer,Hyderabad,2020-10-03,25187,15,5,Active,N. Verma
E0592,Priya,Male,43,HR,HR Executive,Hyderabad,2020-03-25,29819,1,2,Active,S. Mehta
E0593,Simran,Female,34,Operations,Operations Executive,Chennai,2020-11-13,80741,8,2,Active,N. Verma
E0594,Rahul,Female,38,Operations,Operations Executive,Bangalore,2019-09-04,28610,0,2,Active,R. Gupta
E0595,Priya,Male,30,HR,HR Manager,Chennai,2020-03-14,87026,0,3,Resigned,N. Verma
E0596,Pooja,Male,40,Sales,Sales Executive,Hyderabad,2020-09-08,71715,3,2,Resigned,N. Verma
E0597,Nisha,Female,28,Finance,Accountant,Delhi,2018-02-11,110227,14,4,Active,R. Gupta
E0598,Sneha,Male,43,Sales,Sales Manager,Chennai,2023-05-19,43142,4,5,Active,N. Verma
E0599,Simran,Male,47,HR,HR Manager,Bangalore,2022-06-19,84176,14,3,Active,A. Sharma
E0600,Ankit,Male,31,Finance,Finance Analyst,Kolkata,2023-10-15,115513,2,5,Resigned,S. Mehta
E0601,Priya,Female,38,IT,Data Analyst,Chennai,2021-06-07,43552,2,3,Resigned,A. Sharma
E0602,Rahul,Male,54,Sales,Sales Manager,Mumbai,2024-10-21,51449,6,2,Active,S. Mehta
E0603,Amit,Female,29,Operations,Operations Manager,Mumbai,2018-09-12,51354,14,2,Resigned,R. Gupta
E0604,Rohit,Female,55,Finance,Finance Analyst,Mumbai,2023-09-09,41742,13,2,Active,R. Gupta
E0605,Vikas,Male,43,Sales,Sales Executive,Hyderabad,2023-03-18,36089,9,2,Active,R. Gupta
E0606,Pooja,Male,29,Finance,Accountant,Hyderabad,2024-02-14,84795,12,5,Active,S. Mehta
E0607,Ankit,Male,41,Sales,Sales Manager,Hyderabad,2020-10-15,111517,14,5,Active,R. Gupta
E0608,Karan,Male,36,Operations,Operations Executive,Chennai,2023-07-31,112132,14,5,Resigned,N. Verma
E0609,Vikas,Female,43,Sales,Sales Executive,Pune,2018-05-04,64372,4,3,Active,S. Mehta
E0610,Karan,Female,52,IT,Software Engineer,Mumbai,2023-01-16,102294,10,2,Active,S. Mehta
E0611,Amit,Female,42,IT,Software Engineer,Chennai,2024-05-30,76890,3,3,Active,N. Verma
E0612,Pooja,Male,47,IT,Data Analyst,Pune,2020-10-26,111538,7,5,Active,N. Verma
E0613,Simran,Female,30,IT,Data Analyst,Mumbai,2020-01-21,82142,15,4,Active,A. Sharma
E0614,Priya,Female,50,HR,HR Manager,Bangalore,2018-02-12,39765,9,3,Resigned,A. Sharma
E0615,Pooja,Female,38,HR,HR Executive,Chennai,2023-03-17,34352,13,3,Active,R. Gupta
E0616,Amit,Female,28,Operations,Operations Manager,Pune,2020-04-13,59177,13,3,Active,A. Sharma
E0617,Karan,Female,55,IT,Data Analyst,Hyderabad,2019-09-25,59413,11,5,Active,S. Mehta
E0618,Vikas,Male,39,Sales,Sales Executive,Mumbai,2023-11-04,100023,1,2,Active,S. Mehta
E0619,Neha,Female,55,Operations,Operations Manager,Mumbai,2019-12-13,116649,4,3,Active,S. Mehta
E0620,Sneha,Female,32,Finance,Accountant,Chennai,2021-12-17,94330,15,4,Resigned,S. Mehta
E0621,Neha,Female,27,Sales,Sales Executive,Chennai,2024-08-25,80050,4,2,Active,S. Mehta
E0622,Priya,Female,40,HR,HR Executive,Bangalore,2021-10-28,52140,8,5,Active,A. Sharma
E0623,Amit,Female,39,Finance,Accountant,Bangalore,2022-05-10,100593,8,2,Resigned,P. Singh
E0624,Nisha,Male,54,Sales,Sales Executive,Bangalore,2021-07-05,49496,3,4,Resigned,S. Mehta
E0625,Pooja,Female,52,HR,HR Executive,Hyderabad,2021-07-22,102180,0,2,Active,S. Mehta
E0626,Simran,Male,47,IT,Data Analyst,Delhi,2020-07-03,89046,6,5,Active,N. Verma
E0627,Nisha,Female,54,IT,Data Analyst,Pune,2022-09-23,71271,10,5,Resigned,A. Sharma
E0628,Sneha,Female,23,Operations,Operations Manager,Kolkata,2020-06-19,81755,15,2,Active,R. Gupta
E0629,Neha,Female,48,Operations,Operations Manager,Pune,2022-02-02,28574,12,5,Active,A. Sharma
E0630,Pooja,Female,57,Operations,Operations Executive,Kolkata,2019-01-27,85205,3,3,Active,N. Verma
E0631,Rohit,Female,35,HR,HR Manager,Mumbai,2018-09-21,55078,14,2,Active,P. Singh
E0632,Ankit,Female,25,Finance,Finance Analyst,Bangalore,2020-01-24,29416,13,5,Resigned,A. Sharma
E0633,Pooja,Female,51,IT,Software Engineer,Pune,2020-03-19,57534,1,3,Resigned,R. Gupta
E0634,Amit,Male,36,Operations,Operations Executive,Delhi,2018-12-29,47453,5,3,Active,N. Verma
E0635,Karan,Male,24,IT,Software Engineer,Hyderabad,2020-09-01,55073,8,2,Active,P. Singh
E0636,Amit,Male,39,Operations,Operations Manager,Delhi,2023-06-06,91463,1,4,Active,P. Singh
E0637,Simran,Male,44,Sales,Sales Executive,Mumbai,2019-08-23,67990,5,2,Active,A. Sharma
E0638,Sneha,Male,30,Sales,Sales Manager,Kolkata,2020-11-15,52461,5,3,Resigned,S. Mehta
E0639,Vikas,Female,22,Sales,Sales Manager,Mumbai,2020-06-19,71902,4,3,Active,S. Mehta
E0640,Rohit,Male,33,HR,HR Executive,Hyderabad,2018-01-25,106735,4,3,Active,R. Gupta
E0641,Ankit,Male,25,Operations,Operations Executive,Delhi,2021-06-11,40010,0,3,Resigned,S. Mehta
E0642,Ankit,Female,29,IT,Software Engineer,Hyderabad,2018-12-08,114690,3,3,Active,N. Verma
E0643,Nisha,Female,44,HR,HR Manager,Delhi,2021-02-26,35561,5,3,Active,R. Gupta
E0644,Ankit,Female,22,Sales,Sales Executive,Kolkata,2020-12-20,79398,10,5,Active,S. Mehta
E0645,Karan,Female,39,IT,Software Engineer,Bangalore,2021-05-02,59306,2,4,Active,P. Singh
E0646,Simran,Male,29,Finance,Accountant,Mumbai,2021-11-15,33601,1,3,Active,R. Gupta
E0647,Vikas,Female,54,HR,HR Manager,Bangalore,2018-08-08,53060,7,5,Active,S. Mehta
E0648,Rohit,Female,41,Finance,Finance Analyst,Hyderabad,2019-10-06,68419,4,4,Active,S. Mehta
E0649,Priya,Male,26,Finance,Finance Analyst,Mumbai,2022-08-04,99988,3,5,Active,A. Sharma
E0650,Rahul,Male,42,Finance,Accountant,Delhi,2018-08-19,80582,11,5,Active,S. Mehta
E0651,Pooja,Male,27,Operations,Operations Executive,Pune,2021-09-24,38500,13,2,Active,R. Gupta
E0652,Nisha,Male,58,Operations,Operations Manager,Bangalore,2018-11-14,48276,11,5,Active,A. Sharma
E0653,Karan,Female,31,HR,HR Executive,Bangalore,2019-09-07,41727,15,3,Resigned,N. Verma
E0654,Nisha,Male,44,HR,HR Manager,Delhi,2019-03-08,63296,5,2,Active,A. Sharma
E0655,Rohit,Male,49,Finance,Finance Analyst,Mumbai,2020-08-31,73670,4,4,Active,R. Gupta
E0656,Amit,Male,58,Operations,Operations Manager,Hyderabad,2022-08-27,52467,8,5,Active,R. Gupta
E0657,Pooja,Male,52,Operations,Operations Manager,Chennai,2019-06-18,82137,1,2,Resigned,R. Gupta
E0658,Pooja,Male,50,HR,HR Manager,Kolkata,2018-03-27,60986,11,2,Resigned,N. Verma
E0659,Vikas,Male,38,Finance,Finance Analyst,Delhi,2023-01-06,47023,12,2,Active,A. Sharma
E0660,Vikas,Female,21,Operations,Operations Manager,Delhi,2023-09-23,108211,3,5,Active,P. Singh
E0661,Vikas,Female,31,Operations,Operations Manager,Bangalore,2021-02-28,42610,8,2,Active,S. Mehta
E0662,Amit,Female,26,IT,Software Engineer,Hyderabad,2021-01-25,118219,9,5,Active,N. Verma
E0663,Ankit,Male,29,Operations,Operations Executive,Bangalore,2022-08-12,97129,13,5,Active,S. Mehta
E0664,Priya,Male,38,Finance,Accountant,Pune,2023-11-02,69505,2,2,Active,S. Mehta
E0665,Simran,Female,48,HR,HR Manager,Chennai,2020-04-05,104282,11,3,Active,A. Sharma
E0666,Ankit,Female,39,HR,HR Manager,Chennai,2023-05-30,97537,0,5,Resigned,N. Verma
E0667,Amit,Male,35,IT,Data Analyst,Delhi,2019-10-15,56318,11,2,Active,N. Verma
E0668,Karan,Male,48,IT,Data Analyst,Pune,2019-02-15,106857,11,5,Resigned,P. Singh
E0669,Sneha,Female,22,HR,HR Executive,Pune,2019-12-25,115384,13,5,Active,N. Verma
E0670,Simran,Female,53,Operations,Operations Executive,Kolkata,2024-03-05,36059,6,2,Active,N. Verma
E0671,Nisha,Female,28,Sales,Sales Executive,Bangalore,2020-01-28,100486,8,4,Active,S. Mehta
E0672,Nisha,Male,48,IT,Data Analyst,Bangalore,2020-12-29,85148,13,3,Active,S. Mehta
E0673,Karan,Male,33,Finance,Finance Analyst,Delhi,2024-07-08,47666,1,5,Active,N. Verma
E0674,Priya,Male,45,IT,Software Engineer,Hyderabad,2024-08-24,84836,14,4,Active,R. Gupta
E0675,Nisha,Female,55,IT,Software Engineer,Mumbai,2021-12-27,66698,15,3,Active,A. Sharma
E0676,Nisha,Female,51,HR,HR Executive,Kolkata,2020-04-04,66387,5,3,Resigned,A. Sharma
E0677,Vikas,Female,43,Sales,Sales Manager,Bangalore,2019-05-03,106279,2,3,Active,A. Sharma
E0678,Neha,Female,53,Finance,Accountant,Chennai,2021-12-01,25701,10,2,Active,R. Gupta
E0679,Simran,Male,23,Operations,Operations Manager,Kolkata,2018-08-24,34986,2,4,Active,P. Singh
E0680,Rahul,Male,42,Sales,Sales Executive,Pune,2022-04-02,64146,12,2,Active,R. Gupta
E0681,Priya,Male,54,Finance,Finance Analyst,Mumbai,2019-04-09,37353,6,2,Active,R. Gupta
E0682,Nisha,Female,37,Operations,Operations Manager,Pune,2022-09-18,50925,5,5,Active,A. Sharma
E0683,Amit,Male,40,Operations,Operations Executive,Mumbai,2018-05-31,30187,1,5,Active,N. Verma
E0684,Rohit,Male,30,Operations,Operations Manager,Delhi,2021-04-19,70866,2,5,Active,R. Gupta
E0685,Neha,Male,26,Sales,Sales Manager,Pune,2024-02-01,103955,13,5,Active,P. Singh
E0686,Ankit,Male,46,Sales,Sales Executive,Kolkata,2018-12-30,99205,13,4,Active,A. Sharma
E0687,Sneha,Female,52,HR,HR Executive,Bangalore,2023-05-02,33972,14,3,Resigned,R. Gupta
E0688,Rahul,Female,23,Operations,Operations Manager,Mumbai,2022-02-23,62176,7,2,Active,A. Sharma
E0689,Karan,Male,44,Finance,Accountant,Hyderabad,2020-02-06,80977,4,2,Active,N. Verma
E0690,Amit,Female,32,HR,HR Manager,Mumbai,2023-02-27,74277,3,3,Active,P. Singh
E0691,Ankit,Female,56,Finance,Accountant,Chennai,2023-09-26,82264,10,2,Active,P. Singh
E0692,Karan,Male,52,Finance,Finance Analyst,Mumbai,2023-05-05,108480,2,5,Active,R. Gupta
E0693,Sneha,Male,32,IT,Software Engineer,Mumbai,2020-05-19,73286,7,2,Active,A. Sharma
E0694,Priya,Female,21,Operations,Operations Executive,Kolkata,2020-09-30,39389,7,3,Active,A. Sharma
E0695,Simran,Male,43,Sales,Sales Manager,Pune,2022-11-11,92331,8,3,Active,P. Singh
E0696,Karan,Male,38,IT,Data Analyst,Bangalore,2019-03-14,75718,6,2,Resigned,S. Mehta
E0697,Amit,Female,21,IT,Data Analyst,Bangalore,2020-11-25,68738,3,2,Active,R. Gupta
E0698,Sneha,Female,49,IT,Data Analyst,Pune,2023-09-24,56301,12,5,Active,R. Gupta
E0699,Rahul,Female,35,HR,HR Executive,Kolkata,2024-02-09,71611,15,3,Resigned,S. Mehta
E0700,Sneha,Female,43,Finance,Finance Analyst,Mumbai,2018-01-30,87069,2,5,Active,N. Verma
E0701,Vikas,Female,30,HR,HR Executive,Delhi,2021-01-01,103437,1,2,Resigned,P. Singh
E0702,Neha,Female,26,IT,Data Analyst,Delhi,2024-01-18,100731,15,4,Active,R. Gupta
E0703,Sneha,Female,26,Operations,Operations Executive,Mumbai,2018-12-26,109500,7,2,Active,P. Singh
E0704,Neha,Male,48,Sales,Sales Manager,Mumbai,2022-08-29,99363,2,3,Active,R. Gupta
E0705,Rohit,Female,43,Operations,Operations Manager,Delhi,2019-06-20,71953,15,4,Active,A. Sharma
E0706,Ankit,Male,54,HR,HR Executive,Delhi,2019-02-21,112644,0,2,Active,N. Verma
E0707,Rahul,Female,42,HR,HR Executive,Pune,2018-09-12,47602,11,2,Active,A. Sharma
E0708,Simran,Female,26,Sales,Sales Executive,Mumbai,2019-09-01,88571,8,3,Active,A. Sharma
E0709,Amit,Female,26,Sales,Sales Manager,Delhi,2020-09-19,83835,11,3,Active,R. Gupta
E0710,Sneha,Female,49,IT,Software Engineer,Chennai,2022-07-28,27269,12,5,Active,R. Gupta
E0711,Neha,Male,40,Finance,Accountant,Delhi,2020-07-14,111607,14,3,Active,S. Mehta
E0712,Karan,Female,36,Sales,Sales Executive,Delhi,2018-07-28,49781,4,2,Resigned,N. Verma
E0713,Simran,Male,50,Sales,Sales Manager,Mumbai,2020-08-17,91115,14,2,Active,N. Verma
E0714,Pooja,Female,47,Operations,Operations Manager,Pune,2023-09-28,68327,12,2,Active,S. Mehta
E0715,Karan,Male,40,Sales,Sales Executive,Hyderabad,2018-01-11,40463,8,2,Active,S. Mehta
E0716,Priya,Male,26,Operations,Operations Executive,Bangalore,2024-08-06,100933,15,5,Active,A. Sharma
E0717,Ankit,Male,37,Sales,Sales Executive,Mumbai,2020-11-27,31598,7,5,Active,P. Singh
E0718,Priya,Male,26,Sales,Sales Manager,Kolkata,2021-07-26,60033,12,5,Active,S. Mehta
E0719,Sneha,Male,56,Finance,Accountant,Delhi,2021-12-24,56633,11,2,Active,N. Verma
E0720,Rahul,Female,21,Finance,Finance Analyst,Pune,2018-08-25,90021,7,2,Active,P. Singh
E0721,Vikas,Male,52,HR,HR Manager,Bangalore,2020-09-24,36820,9,5,Resigned,A. Sharma
E0722,Ankit,Male,41,Finance,Accountant,Chennai,2020-02-11,36631,12,5,Active,S. Mehta
E0723,Nisha,Male,46,IT,Software Engineer,Kolkata,2019-02-07,53513,14,3,Active,S. Mehta
E0724,Amit,Female,38,Finance,Accountant,Delhi,2019-10-20,41983,11,5,Active,R. Gupta
E0725,Karan,Female,24,Finance,Accountant,Kolkata,2024-08-27,78683,8,4,Active,N. Verma
E0726,Nisha,Female,32,Operations,Operations Executive,Delhi,2020-11-30,36975,8,5,Active,A. Sharma
E0727,Ankit,Female,58,IT,Data Analyst,Pune,2023-09-12,102054,12,2,Active,S. Mehta
E0728,Ankit,Female,22,IT,Software Engineer,Chennai,2024-06-09,46083,2,3,Active,S. Mehta
E0729,Neha,Female,22,Operations,Operations Manager,Mumbai,2020-02-25,80704,12,4,Active,R. Gupta
E0730,Pooja,Male,34,Finance,Accountant,Pune,2024-05-29,92657,5,4,Active,S. Mehta
E0731,Simran,Male,25,HR,HR Executive,Delhi,2018-10-20,57274,13,5,Active,A. Sharma
E0732,Priya,Female,38,IT,Data Analyst,Pune,2021-06-19,40896,2,4,Active,R. Gupta
E0733,Simran,Female,27,IT,Software Engineer,Mumbai,2018-03-23,37586,8,5,Resigned,S. Mehta
E0734,Nisha,Male,32,IT,Software Engineer,Mumbai,2023-04-18,56111,0,4,Active,A. Sharma
E0735,Simran,Male,25,Operations,Operations Manager,Delhi,2024-06-20,79098,3,3,Resigned,N. Verma
E0736,Vikas,Female,26,Operations,Operations Executive,Bangalore,2020-11-06,101794,9,3,Active,S. Mehta
E0737,Rohit,Male,37,IT,Software Engineer,Bangalore,2020-03-11,81715,6,2,Active,N. Verma
E0738,Priya,Male,53,Sales,Sales Executive,Pune,2022-07-12,111596,9,4,Active,R. Gupta
E0739,Priya,Male,51,Operations,Operations Executive,Bangalore,2020-03-31,61067,14,5,Active,P. Singh
E0740,Nisha,Male,28,Finance,Accountant,Hyderabad,2024-07-06,58180,3,3,Active,A. Sharma
E0741,Ankit,Male,35,Finance,Accountant,Hyderabad,2020-08-20,50748,3,3,Active,P. Singh
E0742,Ankit,Male,43,Finance,Accountant,Pune,2024-01-22,96837,6,3,Active,R. Gupta
E0743,Priya,Female,24,Sales,Sales Manager,Kolkata,2022-07-18,67427,14,5,Resigned,N. Verma
E0744,Amit,Male,21,HR,HR Manager,Pune,2023-07-12,114915,3,3,Active,S. Mehta
E0745,Rohit,Male,53,IT,Software Engineer,Delhi,2022-10-20,78705,12,3,Active,N. Verma
E0746,Ankit,Male,23,Finance,Finance Analyst,Mumbai,2024-01-31,47790,9,4,Active,R. Gupta
E0747,Sneha,Male,48,IT,Software Engineer,Bangalore,2019-03-24,45714,9,3,Resigned,P. Singh
E0748,Sneha,Female,43,IT,Data Analyst,Kolkata,2018-03-12,106196,12,5,Active,A. Sharma
E0749,Simran,Male,35,Operations,Operations Executive,Mumbai,2022-12-19,62031,2,5,Active,P. Singh
E0750,Amit,Male,34,Operations,Operations Manager,Pune,2022-03-22,69021,11,5,Active,A. Sharma
E0751,Priya,Male,45,Sales,Sales Executive,Chennai,2019-09-07,112071,4,3,Active,N. Verma
E0752,Sneha,Male,26,Finance,Accountant,Pune,2021-07-24,28229,13,4,Active,S. Mehta
E0753,Amit,Female,52,Finance,Finance Analyst,Bangalore,2021-02-21,119209,13,3,Active,R. Gupta
E0754,Simran,Male,49,Finance,Finance Analyst,Hyderabad,2020-07-05,29427,7,5,Active,A. Sharma
E0755,Rohit,Male,47,Finance,Accountant,Pune,2021-10-31,34006,8,3,Resigned,R. Gupta
E0756,Nisha,Male,44,Finance,Finance Analyst,Chennai,2023-06-20,56149,6,5,Active,N. Verma
E0757,Simran,Female,52,Operations,Operations Manager,Bangalore,2020-03-27,93129,2,3,Active,R. Gupta
E0758,Amit,Male,52,Sales,Sales Executive,Pune,2020-02-13,60595,6,3,Active,S. Mehta
E0759,Karan,Female,51,Operations,Operations Manager,Mumbai,2021-05-04,96082,4,5,Active,P. Singh
E0760,Rahul,Male,57,Finance,Finance Analyst,Delhi,2020-01-15,98590,4,5,Resigned,P. Singh
E0761,Karan,Female,56,Sales,Sales Manager,Delhi,2020-02-25,68527,2,2,Active,P. Singh
E0762,Vikas,Male,22,Operations,Operations Executive,Hyderabad,2019-09-13,94890,9,4,Active,P. Singh
E0763,Nisha,Female,48,HR,HR Executive,Pune,2018-08-31,77548,10,3,Active,R. Gupta
E0764,Vikas,Male,23,HR,HR Manager,Mumbai,2024-08-10,52171,7,5,Active,P. Singh
E0765,Sneha,Male,37,Finance,Accountant,Hyderabad,2019-08-14,76261,7,2,Resigned,P. Singh
E0766,Karan,Female,55,Sales,Sales Manager,Pune,2018-07-28,99451,11,5,Resigned,R. Gupta
E0767,Simran,Female,48,Sales,Sales Executive,Delhi,2021-05-15,36249,8,3,Active,S. Mehta
E0768,Nisha,Male,40,Finance,Finance Analyst,Hyderabad,2020-10-01,82353,8,4,Active,A. Sharma
E0769,Nisha,Female,37,Operations,Operations Manager,Pune,2020-04-10,38227,14,4,Active,N. Verma
E0770,Rahul,Male,29,Operations,Operations Executive,Hyderabad,2020-10-12,38768,3,2,Active,A. Sharma
E0771,Nisha,Female,58,Finance,Accountant,Delhi,2020-11-02,115357,4,2,Active,S. Mehta
E0772,Ankit,Male,27,HR,HR Executive,Delhi,2023-06-01,78093,4,2,Active,S. Mehta
E0773,Karan,Male,46,Operations,Operations Executive,Pune,2020-03-22,38174,10,2,Active,S. Mehta
E0774,Rahul,Male,43,Sales,Sales Executive,Bangalore,2018-05-28,83373,3,5,Active,N. Verma
E0775,Rohit,Female,50,IT,Software Engineer,Kolkata,2024-09-12,40047,6,3,Resigned,S. Mehta
E0776,Simran,Female,58,Sales,Sales Executive,Bangalore,2019-10-15,49857,14,3,Active,R. Gupta
E0777,Nisha,Female,55,IT,Data Analyst,Bangalore,2024-03-25,60868,12,2,Resigned,A. Sharma
E0778,Nisha,Male,58,IT,Data Analyst,Hyderabad,2023-07-29,33211,1,2,Active,R. Gupta
E0779,Neha,Female,44,Operations,Operations Manager,Pune,2018-05-31,73100,13,2,Active,P. Singh
E0780,Neha,Male,26,IT,Data Analyst,Chennai,2021-11-05,97271,4,5,Active,P. Singh
E0781,Pooja,Female,48,Finance,Accountant,Kolkata,2023-05-20,93553,10,5,Active,N. Verma
E0782,Ankit,Female,34,Sales,Sales Executive,Kolkata,2023-08-15,104929,12,4,Active,P. Singh
E0783,Sneha,Female,22,Operations,Operations Executive,Pune,2023-06-01,38026,4,2,Active,P. Singh
E0784,Nisha,Male,38,Sales,Sales Manager,Hyderabad,2024-07-01,35981,12,5,Active,R. Gupta
E0785,Priya,Male,49,Operations,Operations Executive,Kolkata,2023-08-06,37929,10,2,Active,A. Sharma
E0786,Amit,Female,39,Operations,Operations Manager,Delhi,2023-11-21,82318,4,4,Active,A. Sharma
E0787,Amit,Male,44,IT,Data Analyst,Hyderabad,2021-05-01,48265,4,2,Active,S. Mehta
E0788,Amit,Male,37,Operations,Operations Executive,Bangalore,2019-04-06,74351,13,4,Active,P. Singh
E0789,Karan,Male,35,Finance,Accountant,Kolkata,2018-08-12,29665,14,5,Active,R. Gupta
E0790,Rohit,Male,31,IT,Data Analyst,Mumbai,2024-07-06,97561,7,5,Active,P. Singh
E0791,Ankit,Female,22,Finance,Finance Analyst,Hyderabad,2019-11-05,47741,13,4,Resigned,N. Verma
E0792,Amit,Female,23,Operations,Operations Executive,Chennai,2024-10-02,33604,1,4,Resigned,A. Sharma
E0793,Neha,Female,43,IT,Data Analyst,Mumbai,2021-03-10,101701,9,3,Active,R. Gupta
E0794,Karan,Male,24,Sales,Sales Executive,Kolkata,2022-11-21,45668,15,4,Active,P. Singh
E0795,Karan,Female,35,Sales,Sales Manager,Pune,2018-08-09,85901,11,2,Active,S. Mehta
E0796,Amit,Male,41,Finance,Finance Analyst,Kolkata,2019-02-25,62774,10,5,Active,A. Sharma
E0797,Vikas,Male,56,Sales,Sales Manager,Hyderabad,2024-08-07,116331,11,5,Active,P. Singh
E0798,Sneha,Male,53,IT,Software Engineer,Pune,2024-05-31,68759,2,4,Active,R. Gupta
E0799,Vikas,Female,49,IT,Data Analyst,Bangalore,2021-02-07,111750,8,4,Active,P. Singh
E0800,Karan,Male,39,HR,HR Executive,Chennai,2023-08-31,101557,0,5,Active,A. Sharma
E0801,Simran,Male,54,Operations,Operations Manager,Delhi,2021-11-22,53050,6,4,Active,R. Gupta
E0802,Sneha,Male,36,Operations,Operations Executive,Delhi,2018-07-30,91676,13,3,Active,R. Gupta
E0803,Neha,Female,22,Finance,Accountant,Chennai,2021-01-08,114110,12,3,Active,R. Gupta
E0804,Nisha,Male,23,HR,HR Executive,Hyderabad,2024-10-06,25161,1,3,Active,P. Singh
E0805,Nisha,Male,26,HR,HR Executive,Delhi,2024-04-26,64849,14,4,Resigned,N. Verma
E0806,Rahul,Male,37,Finance,Finance Analyst,Delhi,2019-08-29,112927,4,2,Active,R. Gupta
E0807,Rahul,Male,36,HR,HR Manager,Chennai,2021-11-02,45594,12,4,Active,N. Verma
E0808,Priya,Male,57,IT,Software Engineer,Kolkata,2018-06-06,37200,15,4,Active,A. Sharma
E0809,Sneha,Female,43,HR,HR Manager,Delhi,2022-12-10,72052,7,3,Active,A. Sharma
E0810,Neha,Male,27,IT,Software Engineer,Delhi,2020-05-01,37553,6,4,Active,N. Verma
E0811,Amit,Male,26,Sales,Sales Executive,Mumbai,2019-06-06,75849,15,3,Active,A. Sharma
E0812,Simran,Male,24,Finance,Accountant,Chennai,2019-03-07,53635,9,2,Active,S. Mehta
E0813,Sneha,Female,30,Sales,Sales Manager,Kolkata,2022-03-07,32639,11,5,Active,S. Mehta
E0814,Vikas,Female,26,Operations,Operations Manager,Pune,2022-07-14,37921,2,2,Resigned,A. Sharma
E0815,Pooja,Female,49,Sales,Sales Manager,Pune,2022-06-23,96536,6,2,Active,S. Mehta
E0816,Simran,Male,29,HR,HR Manager,Kolkata,2023-08-29,119102,11,2,Resigned,N. Verma
E0817,Karan,Female,41,Operations,Operations Manager,Pune,2019-10-02,60207,4,2,Resigned,P. Singh
E0818,Priya,Female,56,HR,HR Executive,Mumbai,2019-09-14,68025,9,5,Active,N. Verma
E0819,Rohit,Male,31,Finance,Finance Analyst,Hyderabad,2024-02-18,110550,13,2,Active,N. Verma
E0820,Neha,Female,42,Finance,Accountant,Bangalore,2021-06-19,113877,2,4,Active,P. Singh
E0821,Neha,Female,37,Operations,Operations Executive,Mumbai,2019-02-01,74350,3,4,Active,N. Verma
E0822,Rohit,Female,34,HR,HR Executive,Chennai,2023-03-27,73736,3,3,Active,A. Sharma
E0823,Rohit,Female,25,Operations,Operations Executive,Hyderabad,2021-09-11,80602,12,5,Active,P. Singh
E0824,Simran,Male,38,Sales,Sales Executive,Bangalore,2024-05-26,62359,7,2,Active,P. Singh
E0825,Nisha,Female,37,IT,Software Engineer,Delhi,2021-01-08,72987,1,3,Resigned,N. Verma
E0826,Amit,Female,29,HR,HR Manager,Pune,2019-02-07,79863,5,4,Active,P. Singh
E0827,Simran,Male,47,Finance,Finance Analyst,Mumbai,2020-01-20,119382,0,5,Resigned,N. Verma
E0828,Sneha,Female,21,Finance,Finance Analyst,Hyderabad,2022-12-23,42590,11,3,Active,R. Gupta
E0829,Vikas,Male,50,Sales,Sales Executive,Kolkata,2022-10-30,39053,15,5,Active,N. Verma
E0830,Karan,Male,44,Finance,Finance Analyst,Delhi,2023-07-17,48358,4,5,Active,P. Singh
E0831,Amit,Male,21,HR,HR Manager,Pune,2021-06-25,83444,5,4,Active,A. Sharma
E0832,Karan,Female,37,Finance,Finance Analyst,Pune,2023-03-22,46495,1,2,Active,S. Mehta
E0833,Rahul,Male,50,Sales,Sales Manager,Hyderabad,2018-10-17,27727,1,5,Active,N. Verma
E0834,Sneha,Male,26,Finance,Accountant,Chennai,2023-08-12,112488,2,3,Active,S. Mehta
E0835,Rohit,Female,28,HR,HR Manager,Bangalore,2024-06-05,106294,14,4,Active,R. Gupta
E0836,Pooja,Female,51,Finance,Accountant,Kolkata,2020-01-23,92221,2,4,Active,S. Mehta
E0837,Ankit,Female,32,Finance,Accountant,Delhi,2024-01-15,60288,13,2,Active,P. Singh
E0838,Vikas,Female,33,Sales,Sales Executive,Pune,2023-02-12,97378,9,5,Active,R. Gupta
E0839,Simran,Female,38,Finance,Finance Analyst,Kolkata,2020-07-10,109901,14,2,Active,P. Singh
E0840,Priya,Male,50,Operations,Operations Manager,Delhi,2024-02-20,27456,4,4,Resigned,A. Sharma
E0841,Simran,Female,53,Sales,Sales Manager,Chennai,2018-03-01,92543,15,5,Resigned,R. Gupta
E0842,Rahul,Female,27,Operations,Operations Executive,Hyderabad,2020-11-16,42614,15,3,Active,A. Sharma
E0843,Nisha,Male,37,Finance,Finance Analyst,Chennai,2021-02-09,106710,15,5,Active,R. Gupta
E0844,Neha,Female,39,IT,Software Engineer,Chennai,2022-02-13,76574,8,5,Resigned,R. Gupta
E0845,Karan,Female,55,Sales,Sales Manager,Hyderabad,2021-12-31,92701,6,5,Active,P. Singh
E0846,Priya,Female,42,Finance,Accountant,Chennai,2024-07-01,56803,14,2,Active,S. Mehta
E0847,Nisha,Male,45,Sales,Sales Manager,Hyderabad,2020-06-06,96961,14,5,Active,N. Verma
E0848,Vikas,Male,45,Finance,Accountant,Delhi,2022-08-31,68629,7,3,Active,P. Singh
E0849,Vikas,Male,29,Finance,Finance Analyst,Delhi,2019-04-17,38255,7,4,Active,P. Singh
E0850,Simran,Male,57,IT,Software Engineer,Chennai,2018-01-15,26848,3,3,Resigned,P. Singh
E0851,Simran,Female,21,Sales,Sales Executive,Chennai,2021-10-28,68965,5,3,Resigned,S. Mehta
E0852,Ankit,Male,34,Operations,Operations Executive,Hyderabad,2023-05-21,82025,2,3,Resigned,P. Singh
E0853,Sneha,Male,38,HR,HR Manager,Delhi,2019-10-04,113403,1,2,Active,A. Sharma
E0854,Ankit,Female,44,Operations,Operations Manager,Kolkata,2022-07-02,78189,12,4,Active,S. Mehta
E0855,Amit,Male,50,IT,Software Engineer,Delhi,2019-05-24,85582,1,2,Active,N. Verma
E0856,Rohit,Male,57,Sales,Sales Manager,Kolkata,2020-03-04,106249,12,4,Active,A. Sharma
E0857,Pooja,Male,23,Sales,Sales Executive,Bangalore,2019-11-27,46678,14,3,Active,A. Sharma
E0858,Priya,Male,26,Operations,Operations Manager,Pune,2019-10-30,58892,14,4,Active,A. Sharma
E0859,Simran,Male,36,Finance,Accountant,Bangalore,2022-05-25,69202,5,4,Active,N. Verma
E0860,Ankit,Male,21,IT,Software Engineer,Bangalore,2018-12-08,96699,1,3,Resigned,R. Gupta
E0861,Priya,Male,39,Operations,Operations Executive,Mumbai,2024-05-30,39683,11,5,Active,R. Gupta
E0862,Rohit,Female,29,Sales,Sales Manager,Mumbai,2018-10-27,42943,9,5,Active,N. Verma
E0863,Karan,Female,46,HR,HR Executive,Hyderabad,2020-10-05,86136,1,2,Active,R. Gupta
E0864,Rahul,Male,47,HR,HR Executive,Kolkata,2022-01-24,100133,3,3,Resigned,N. Verma
E0865,Rohit,Male,55,IT,Data Analyst,Hyderabad,2020-02-28,49930,10,5,Active,N. Verma
E0866,Simran,Male,56,Finance,Accountant,Kolkata,2023-11-14,85364,12,3,Resigned,S. Mehta
E0867,Neha,Male,49,Operations,Operations Manager,Bangalore,2023-05-31,85465,1,4,Active,S. Mehta
E0868,Priya,Male,43,Sales,Sales Manager,Mumbai,2020-12-27,39682,7,5,Active,S. Mehta
E0869,Rohit,Female,26,IT,Software Engineer,Chennai,2018-07-07,110795,13,3,Resigned,S. Mehta
E0870,Nisha,Male,28,Sales,Sales Executive,Bangalore,2019-11-19,118468,4,2,Active,N. Verma
E0871,Pooja,Female,53,HR,HR Manager,Bangalore,2018-09-30,105593,0,5,Active,N. Verma
E0872,Rahul,Female,54,Sales,Sales Executive,Chennai,2020-07-31,59729,6,2,Active,R. Gupta
E0873,Ankit,Female,48,Operations,Operations Manager,Mumbai,2019-12-10,26219,2,2,Resigned,P. Singh
E0874,Sneha,Male,27,HR,HR Manager,Delhi,2024-05-14,45037,8,3,Active,P. Singh
E0875,Neha,Male,50,Operations,Operations Executive,Hyderabad,2020-10-03,71471,9,4,Resigned,S. Mehta
E0876,Neha,Female,54,HR,HR Executive,Hyderabad,2020-08-07,33719,10,4,Active,S. Mehta
E0877,Priya,Male,34,Sales,Sales Manager,Mumbai,2024-01-09,29150,4,5,Active,A. Sharma
E0878,Sneha,Male,37,Sales,Sales Manager,Delhi,2024-09-10,98587,15,3,Active,S. Mehta
E0879,Sneha,Male,47,HR,HR Executive,Mumbai,2018-01-28,98239,2,2,Active,R. Gupta
E0880,Rahul,Female,41,Operations,Operations Executive,Delhi,2020-02-13,70372,5,3,Active,R. Gupta
E0881,Karan,Female,21,Sales,Sales Manager,Delhi,2020-03-04,65531,4,2,Active,A. Sharma
E0882,Simran,Female,30,IT,Software Engineer,Hyderabad,2018-03-23,93079,4,4,Active,P. Singh
E0883,Ankit,Male,53,IT,Data Analyst,Chennai,2020-03-27,28873,11,3,Active,A. Sharma
E0884,Sneha,Female,51,Operations,Operations Executive,Hyderabad,2020-02-17,50083,6,4,Resigned,S. Mehta
E0885,Karan,Male,35,IT,Software Engineer,Mumbai,2024-01-08,32220,4,3,Active,R. Gupta
E0886,Pooja,Female,47,Sales,Sales Manager,Chennai,2020-01-19,86481,15,2,Active,N. Verma
E0887,Neha,Female,24,Finance,Finance Analyst,Chennai,2019-07-05,35013,8,2,Active,P. Singh
E0888,Vikas,Female,28,Operations,Operations Manager,Bangalore,2018-03-18,50658,2,5,Active,A. Sharma
E0889,Rohit,Female,28,HR,HR Manager,Mumbai,2024-09-22,80788,0,4,Active,R. Gupta
E0890,Karan,Female,40,Finance,Accountant,Delhi,2018-04-12,64061,3,2,Active,A. Sharma
E0891,Rohit,Female,25,Finance,Accountant,Chennai,2023-03-08,58755,11,3,Active,P. Singh
E0892,Rohit,Male,44,Finance,Finance Analyst,Kolkata,2020-08-16,92613,11,3,Active,A. Sharma
E0893,Pooja,Male,50,Sales,Sales Manager,Kolkata,2020-05-03,68973,0,4,Active,R. Gupta
E0894,Priya,Male,33,HR,HR Manager,Hyderabad,2020-06-16,83839,9,5,Active,R. Gupta
E0895,Neha,Female,27,Finance,Finance Analyst,Mumbai,2023-09-17,29163,2,3,Active,S. Mehta
E0896,Priya,Female,35,Sales,Sales Manager,Chennai,2020-09-21,68911,7,3,Active,S. Mehta
E0897,Ankit,Male,35,Operations,Operations Executive,Pune,2023-04-16,80718,5,3,Active,R. Gupta
E0898,Simran,Female,55,Finance,Accountant,Hyderabad,2022-03-31,47305,12,3,Active,P. Singh
E0899,Sneha,Male,53,Finance,Finance Analyst,Delhi,2024-09-27,52777,13,3,Active,A. Sharma
E0900,Amit,Male,29,HR,HR Manager,Mumbai,2020-10-27,96064,9,3,Active,S. Mehta
E0901,Rohit,Male,22,HR,HR Executive,Pune,2020-03-19,114498,14,2,Active,R. Gupta
E0902,Sneha,Female,51,HR,HR Manager,Kolkata,2021-11-15,48581,0,5,Active,P. Singh
E0903,Vikas,Female,37,Sales,Sales Executive,Mumbai,2022-10-09,47015,14,3,Active,P. Singh
E0904,Karan,Male,40,Sales,Sales Executive,Pune,2018-03-24,45172,13,5,Resigned,A. Sharma
E0905,Sneha,Female,49,Finance,Accountant,Chennai,2023-07-13,30302,1,4,Active,A. Sharma
E0906,Pooja,Male,25,IT,Data Analyst,Mumbai,2024-05-28,25753,7,3,Resigned,R. Gupta
E0907,Karan,Male,55,Sales,Sales Manager,Mumbai,2024-10-02,57213,12,4,Active,N. Verma
E0908,Neha,Male,21,Operations,Operations Manager,Bangalore,2023-05-18,47411,10,5,Resigned,P. Singh
E0909,Neha,Male,35,Operations,Operations Manager,Chennai,2022-04-11,46501,9,4,Active,S. Mehta
E0910,Rahul,Male,29,Operations,Operations Manager,Chennai,2019-08-14,77202,6,5,Active,A. Sharma
E0911,Vikas,Male,55,Finance,Finance Analyst,Pune,2019-09-15,59880,0,2,Active,P. Singh
E0912,Rahul,Female,36,Finance,Finance Analyst,Delhi,2019-11-18,70687,9,3,Active,S. Mehta
E0913,Neha,Male,31,Operations,Operations Manager,Delhi,2019-12-07,41435,15,3,Active,R. Gupta
E0914,Priya,Male,35,HR,HR Manager,Chennai,2018-01-19,71742,4,3,Active,A. Sharma
E0915,Karan,Female,29,IT,Software Engineer,Mumbai,2019-08-12,91917,1,5,Active,R. Gupta
E0916,Neha,Female,38,Finance,Finance Analyst,Kolkata,2022-12-27,79788,1,2,Active,N. Verma
E0917,Neha,Female,23,Operations,Operations Manager,Pune,2021-05-11,75577,11,2,Active,R. Gupta
E0918,Pooja,Male,38,IT,Data Analyst,Hyderabad,2020-05-21,100301,1,2,Active,P. Singh
E0919,Vikas,Female,40,HR,HR Manager,Chennai,2018-03-23,63779,2,4,Active,A. Sharma
E0920,Sneha,Male,21,HR,HR Manager,Chennai,2019-06-20,75836,15,5,Resigned,A. Sharma
E0921,Nisha,Male,43,Finance,Accountant,Hyderabad,2023-10-25,53608,12,2,Active,R. Gupta
E0922,Sneha,Male,40,Sales,Sales Manager,Kolkata,2021-05-05,117073,9,3,Active,S. Mehta
E0923,Sneha,Male,37,Operations,Operations Manager,Pune,2024-03-13,83421,10,5,Active,R. Gupta
E0924,Priya,Male,22,Finance,Accountant,Chennai,2019-11-17,41397,15,2,Active,S. Mehta
E0925,Simran,Male,56,Sales,Sales Executive,Chennai,2020-04-28,61006,3,4,Active,S. Mehta
E0926,Neha,Female,40,HR,HR Manager,Kolkata,2020-11-29,32340,11,4,Active,R. Gupta
E0927,Priya,Male,24,Operations,Operations Executive,Pune,2018-09-18,55942,12,5,Resigned,N. Verma
E0928,Sneha,Female,31,HR,HR Manager,Chennai,2019-09-28,33430,3,3,Resigned,P. Singh
E0929,Nisha,Male,34,Operations,Operations Manager,Pune,2020-12-16,53750,0,3,Active,N. Verma
E0930,Sneha,Male,46,Sales,Sales Manager,Hyderabad,2018-01-27,97957,12,4,Active,R. Gupta
E0931,Sneha,Male,46,Sales,Sales Manager,Chennai,2023-05-05,58177,0,2,Resigned,N. Verma
E0932,Nisha,Female,28,HR,HR Executive,Delhi,2021-09-26,43325,2,5,Active,S. Mehta
E0933,Rahul,Female,56,Operations,Operations Manager,Kolkata,2021-12-02,26191,8,2,Active,P. Singh
E0934,Pooja,Female,32,Operations,Operations Manager,Bangalore,2020-04-05,58742,9,4,Resigned,S. Mehta
E0935,Nisha,Female,37,IT,Data Analyst,Pune,2023-03-10,48962,7,3,Active,S. Mehta
E0936,Ankit,Male,42,Finance,Accountant,Hyderabad,2023-01-10,31854,5,3,Active,P. Singh
E0937,Sneha,Female,58,HR,HR Manager,Bangalore,2020-09-24,64336,5,5,Active,N. Verma
E0938,Sneha,Female,21,Finance,Accountant,Bangalore,2023-03-09,36969,9,4,Active,A. Sharma
E0939,Simran,Male,41,Operations,Operations Executive,Mumbai,2018-02-27,103049,0,3,Active,A. Sharma
E0940,Sneha,Female,44,Operations,Operations Executive,Chennai,2023-01-14,80746,14,5,Active,R. Gupta
E0941,Neha,Male,25,IT,Software Engineer,Delhi,2021-10-31,55996,9,4,Active,A. Sharma
E0942,Priya,Female,34,IT,Software Engineer,Chennai,2019-07-29,75350,3,3,Resigned,N. Verma
E0943,Simran,Female,25,HR,HR Manager,Chennai,2020-11-01,48349,1,5,Active,S. Mehta
E0944,Ankit,Female,57,Finance,Accountant,Bangalore,2019-01-12,62150,13,5,Active,R. Gupta
E0945,Simran,Female,30,HR,HR Executive,Pune,2022-09-15,61462,2,4,Active,R. Gupta
E0946,Nisha,Male,23,HR,HR Executive,Kolkata,2023-02-08,94206,8,3,Active,S. Mehta
E0947,Amit,Male,28,HR,HR Executive,Bangalore,2021-05-13,76039,6,4,Active,A. Sharma
E0948,Ankit,Female,26,IT,Software Engineer,Chennai,2023-09-02,26761,7,2,Active,R. Gupta
E0949,Karan,Male,43,Operations,Operations Executive,Bangalore,2023-07-03,46061,11,2,Resigned,P. Singh
E0950,Amit,Female,50,IT,Data Analyst,Bangalore,2020-05-07,75991,5,2,Active,A. Sharma
E0951,Amit,Female,56,Sales,Sales Manager,Bangalore,2019-02-04,114697,8,5,Resigned,A. Sharma
E0952,Neha,Male,51,Operations,Operations Executive,Kolkata,2022-04-19,42929,12,2,Active,N. Verma
E0953,Amit,Male,57,HR,HR Manager,Bangalore,2024-03-12,41726,11,4,Active,S. Mehta
E0954,Neha,Male,27,HR,HR Manager,Chennai,2019-07-14,114838,1,5,Active,N. Verma
E0955,Neha,Male,34,Sales,Sales Executive,Kolkata,2024-01-10,28275,2,4,Active,S. Mehta
E0956,Ankit,Female,42,IT,Software Engineer,Kolkata,2023-02-02,71648,14,5,Active,S. Mehta
E0957,Ankit,Female,25,Sales,Sales Executive,Pune,2023-05-12,71232,6,3,Active,S. Mehta
E0958,Rahul,Female,26,IT,Data Analyst,Hyderabad,2023-06-27,31116,7,3,Active,R. Gupta
E0959,Pooja,Female,25,HR,HR Executive,Delhi,2020-07-17,42382,0,3,Active,A. Sharma
E0960,Vikas,Female,22,HR,HR Manager,Bangalore,2024-09-01,113004,4,4,Resigned,A. Sharma
E0961,Priya,Female,51,HR,HR Executive,Pune,2020-12-11,35619,11,5,Active,S. Mehta
E0962,Vikas,Male,23,Operations,Operations Manager,Bangalore,2024-08-10,35454,14,2,Active,R. Gupta
E0963,Simran,Male,25,Operations,Operations Manager,Bangalore,2018-10-04,110213,4,2,Resigned,S. Mehta
E0964,Pooja,Male,43,Operations,Operations Executive,Bangalore,2022-11-10,73505,7,5,Active,P. Singh
E0965,Ankit,Female,22,Operations,Operations Manager,Chennai,2021-05-12,35335,9,2,Resigned,P. Singh
E0966,Amit,Male,48,HR,HR Manager,Chennai,2024-03-12,102948,9,5,Active,S. Mehta
E0967,Nisha,Male,29,Finance,Accountant,Pune,2018-04-29,102750,15,2,Active,N. Verma
E0968,Karan,Female,30,Finance,Finance Analyst,Kolkata,2021-08-31,107010,12,4,Active,R. Gupta
E0969,Simran,Male,29,Sales,Sales Executive,Hyderabad,2018-06-26,107376,15,2,Active,R. Gupta
E0970,Pooja,Female,42,HR,HR Executive,Delhi,2024-04-03,68246,11,3,Active,S. Mehta
E0971,Neha,Male,50,HR,HR Manager,Hyderabad,2018-05-12,92363,9,4,Resigned,P. Singh
E0972,Vikas,Male,49,Operations,Operations Executive,Pune,2019-06-14,62374,8,3,Active,S. Mehta
E0973,Rohit,Female,33,HR,HR Manager,Kolkata,2020-05-05,116068,2,2,Active,R. Gupta
E0974,Rahul,Male,21,HR,HR Executive,Kolkata,2021-07-05,108611,0,3,Active,A. Sharma
E0975,Pooja,Male,24,Sales,Sales Executive,Delhi,2022-02-21,42893,9,4,Active,S. Mehta
E0976,Amit,Male,51,HR,HR Executive,Pune,2023-01-25,53630,14,5,Active,N. Verma
E0977,Rahul,Female,44,Sales,Sales Executive,Hyderabad,2020-01-06,42507,15,5,Active,A. Sharma
E0978,Vikas,Female,22,Operations,Operations Executive,Mumbai,2019-10-03,45943,13,5,Active,A. Sharma
E0979,Sneha,Male,45,IT,Software Engineer,Bangalore,2020-11-30,69149,7,4,Active,R. Gupta
E0980,Nisha,Female,21,Operations,Operations Executive,Mumbai,2022-06-22,74706,14,4,Active,R. Gupta
E0981,Sneha,Female,32,HR,HR Manager,Bangalore,2019-09-17,91449,13,2,Active,A. Sharma
E0982,Karan,Male,40,Sales,Sales Executive,Mumbai,2023-04-07,56481,3,5,Active,A. Sharma
E0983,Priya,Female,46,IT,Data Analyst,Mumbai,2019-01-05,68421,3,3,Active,N. Verma
E0984,Sneha,Female,22,Sales,Sales Executive,Pune,2023-06-05,33907,8,3,Active,A. Sharma
E0985,Pooja,Male,48,Operations,Operations Executive,Bangalore,2018-06-29,35539,12,2,Active,A. Sharma
E0986,Simran,Female,52,Sales,Sales Executive,Delhi,2024-07-07,93293,5,5,Active,A. Sharma
E0987,Rahul,Male,39,Sales,Sales Manager,Mumbai,2018-07-26,26373,13,4,Active,R. Gupta
E0988,Ankit,Female,56,Operations,Operations Manager,Delhi,2018-11-26,45119,2,2,Active,A. Sharma
E0989,Rohit,Male,49,Operations,Operations Manager,Hyderabad,2020-08-05,116315,15,5,Active,P. Singh
E0990,Neha,Female,25,Finance,Accountant,Delhi,2020-12-26,94905,0,5,Active,N. Verma
E0991,Simran,Female,53,Sales,Sales Manager,Chennai,2021-07-24,62845,3,5,Resigned,S. Mehta
E0992,Amit,Male,39,Sales,Sales Executive,Bangalore,2023-07-05,66593,15,5,Active,P. Singh
E0993,Sneha,Female,45,Operations,Operations Executive,Delhi,2021-02-26,96785,7,3,Resigned,S. Mehta
E0994,Rohit,Male,49,IT,Software Engineer,Mumbai,2020-07-08,42736,4,5,Active,N. Verma
E0995,Amit,Male,53,Sales,Sales Manager,Chennai,2018-11-03,34615,6,3,Active,R. Gupta
E0996,Rahul,Male,55,Sales,Sales Manager,Kolkata,2024-08-23,94819,14,3,Active,S. Mehta
E0997,Rahul,Female,54,Operations,Operations Executive,Delhi,2024-06-29,95597,4,3,Active,N. Verma
E0998,Sneha,Male,26,Sales,Sales Executive,Kolkata,2023-06-16,114964,11,4,Active,R. Gupta
E0999,Rohit,Female,26,Finance,Accountant,Mumbai,2022-09-26,32771,4,2,Active,N. Verma
E1000,Rohit,Female,25,Operations,Operations Manager,Kolkata,2023-04-30,73981,3,4,Active,A. Sharma
E1001,Karan,Female,49,Operations,Operations Manager,Pune,2021-01-28,64020,5,2,Resigned,R. Gupta
E1002,Amit,Female,28,IT,Data Analyst,Mumbai,2023-02-26,62160,14,3,Active,S. Mehta
E1003,Karan,Male,28,IT,Data Analyst,Kolkata,2021-06-08,60170,1,3,Active,S. Mehta
E1004,Ankit,Male,33,IT,Software Engineer,Delhi,2024-06-19,25796,13,2,Active,R. Gupta
E1005,Vikas,Female,39,Finance,Finance Analyst,Delhi,2018-05-06,67546,3,3,Resigned,N. Verma
E1006,Neha,Female,30,HR,HR Manager,Hyderabad,2019-06-04,50776,8,2,Active,R. Gupta
E1007,Simran,Male,24,HR,HR Executive,Pune,2021-09-29,73341,12,4,Active,A. Sharma
E1008,Neha,Male,38,IT,Software Engineer,Chennai,2024-04-13,57823,4,2,Active,A. Sharma
E1009,Sneha,Male,39,IT,Data Analyst,Chennai,2021-12-21,105406,8,2,Active,R. Gupta
E1010,Priya,Male,21,Finance,Accountant,Kolkata,2018-08-14,111345,14,5,Resigned,A. Sharma
E1011,Rohit,Male,56,Sales,Sales Executive,Hyderabad,2023-11-06,87437,7,3,Active,P. Singh
E1012,Simran,Female,24,IT,Data Analyst,Delhi,2020-08-22,91048,14,2,Active,R. Gupta
E1013,Ankit,Male,51,Finance,Finance Analyst,Delhi,2020-03-02,67250,4,2,Active,P. Singh
E1014,Amit,Male,44,HR,HR Manager,Mumbai,2019-04-25,50707,5,4,Active,S. Mehta
E1015,Simran,Male,25,IT,Data Analyst,Chennai,2019-12-08,41902,10,2,Active,S. Mehta
E1016,Amit,Female,32,Operations,Operations Manager,Hyderabad,2018-01-09,64235,8,5,Resigned,N. Verma
E1017,Ankit,Male,21,HR,HR Manager,Hyderabad,2023-01-30,108626,4,3,Active,S. Mehta
E1018,Vikas,Male,27,IT,Software Engineer,Mumbai,2018-01-01,114799,10,5,Active,N. Verma
E1019,Amit,Male,22,Sales,Sales Manager,Mumbai,2024-07-06,43423,0,5,Active,P. Singh
E1020,Simran,Male,37,HR,HR Executive,Bangalore,2018-03-06,43714,15,4,Active,P. Singh
E1021,Karan,Male,27,Operations,Operations Executive,Mumbai,2020-08-03,47745,9,5,Resigned,N. Verma
E1022,Priya,Male,52,Operations,Operations Executive,Hyderabad,2018-04-10,115915,12,4,Active,N. Verma
E1023,Rahul,Male,39,Finance,Accountant,Bangalore,2024-02-28,87220,15,5,Active,S. Mehta
E1024,Pooja,Female,33,IT,Data Analyst,Chennai,2023-10-10,41911,0,5,Active,S. Mehta
E1025,Neha,Male,24,Operations,Operations Executive,Chennai,2020-06-08,77218,13,4,Active,N. Verma
E1026,Neha,Female,29,Operations,Operations Executive,Mumbai,2020-03-10,116492,4,5,Active,S. Mehta
E1027,Nisha,Male,25,IT,Data Analyst,Delhi,2019-10-08,27778,8,2,Active,R. Gupta
E1028,Simran,Female,40,Finance,Accountant,Delhi,2022-02-28,111038,6,5,Active,R. Gupta
E1029,Ankit,Female,24,IT,Data Analyst,Chennai,2021-07-04,100470,4,4,Active,N. Verma
E1030,Priya,Male,23,Operations,Operations Manager,Chennai,2022-05-03,48283,6,5,Active,P. Singh
E1031,Simran,Female,27,IT,Software Engineer,Hyderabad,2020-08-20,77928,14,2,Active,A. Sharma
E1032,Amit,Male,29,Operations,Operations Manager,Pune,2024-06-19,51763,13,5,Active,A. Sharma
E1033,Neha,Female,53,IT,Data Analyst,Kolkata,2019-03-14,72320,4,3,Resigned,A. Sharma
E1034,Pooja,Female,51,Operations,Operations Executive,Bangalore,2023-04-19,84068,2,2,Active,R. Gupta
E1035,Rahul,Male,57,Finance,Accountant,Pune,2019-09-16,36148,13,3,Active,N. Verma
E1036,Rohit,Male,33,Operations,Operations Manager,Kolkata,2018-02-16,28065,13,4,Active,S. Mehta
E1037,Simran,Female,25,Operations,Operations Executive,Mumbai,2023-05-24,109425,3,4,Active,S. Mehta
E1038,Ankit,Female,23,HR,HR Executive,Bangalore,2021-12-14,93560,11,4,Active,N. Verma
E1039,Amit,Male,45,Operations,Operations Executive,Bangalore,2020-12-11,104093,5,2,Active,N. Verma
E1040,Pooja,Female,24,Operations,Operations Executive,Bangalore,2023-04-27,89678,14,4,Active,R. Gupta
E1041,Sneha,Male,44,IT,Software Engineer,Pune,2019-11-08,39716,1,5,Active,R. Gupta
E1042,Vikas,Male,45,Finance,Accountant,Mumbai,2021-10-29,92711,15,4,Resigned,N. Verma
E1043,Karan,Female,35,Sales,Sales Executive,Chennai,2020-06-09,55139,6,4,Active,R. Gupta
E1044,Rahul,Male,26,IT,Software Engineer,Pune,2024-05-07,35244,0,2,Active,S. Mehta
E1045,Neha,Female,24,Finance,Accountant,Kolkata,2020-12-06,101310,3,4,Resigned,R. Gupta
E1046,Pooja,Female,54,Sales,Sales Executive,Bangalore,2022-04-20,92853,8,5,Resigned,A. Sharma
E1047,Nisha,Female,40,Operations,Operations Manager,Pune,2022-08-22,48965,9,4,Resigned,N. Verma
E1048,Nisha,Male,29,IT,Software Engineer,Pune,2023-09-30,53193,0,4,Active,R. Gupta
E1049,Neha,Male,27,Operations,Operations Manager,Chennai,2022-10-15,41526,5,4,Active,A. Sharma
E1050,Karan,Male,29,IT,Data Analyst,Mumbai,2018-07-16,39030,15,2,Active,P. Singh
E1051,Simran,Male,57,HR,HR Executive,Pune,2022-03-12,36869,3,3,Resigned,N. Verma
E1052,Karan,Female,37,Finance,Finance Analyst,Chennai,2022-03-27,77969,5,5,Active,A. Sharma
E1053,Vikas,Female,25,IT,Software Engineer,Pune,2018-08-14,60026,5,4,Active,A. Sharma
E1054,Ankit,Male,23,HR,HR Executive,Kolkata,2018-11-05,57140,0,4,Active,N. Verma
E1055,Rahul,Male,40,Sales,Sales Executive,Chennai,2018-12-13,26333,9,2,Active,A. Sharma
E1056,Simran,Male,42,Operations,Operations Manager,Hyderabad,2024-03-28,105997,1,5,Active,R. Gupta
E1057,Simran,Male,40,Operations,Operations Executive,Bangalore,2021-08-21,93988,12,2,Active,R. Gupta
E1058,Amit,Male,28,HR,HR Manager,Bangalore,2018-02-12,108718,15,2,Active,P. Singh
E1059,Karan,Female,25,Operations,Operations Manager,Hyderabad,2018-08-08,108263,13,5,Active,R. Gupta
E1060,Rohit,Male,31,IT,Software Engineer,Hyderabad,2018-06-19,27671,1,4,Active,P. Singh
E1061,Karan,Female,32,IT,Data Analyst,Delhi,2024-07-22,84193,5,4,Resigned,P. Singh
E1062,Amit,Female,48,Finance,Accountant,Delhi,2023-07-16,115517,12,5,Active,R. Gupta
E1063,Vikas,Male,55,Operations,Operations Executive,Delhi,2021-12-08,107331,10,3,Resigned,N. Verma
E1064,Priya,Male,52,HR,HR Executive,Bangalore,2022-06-06,29850,0,3,Resigned,R. Gupta
E1065,Nisha,Female,30,IT,Data Analyst,Pune,2019-07-19,32317,14,4,Active,R. Gupta
E1066,Simran,Female,57,HR,HR Executive,Bangalore,2022-01-30,70394,3,4,Active,R. Gupta
E1067,Nisha,Male,50,Sales,Sales Manager,Pune,2020-10-04,73314,1,2,Active,N. Verma
E1068,Sneha,Female,52,Operations,Operations Executive,Chennai,2021-06-28,47325,10,3,Resigned,A. Sharma
E1069,Amit,Female,57,IT,Software Engineer,Hyderabad,2018-08-16,51411,5,4,Active,R. Gupta
E1070,Neha,Female,50,Operations,Operations Executive,Mumbai,2023-10-19,29537,1,4,Active,A. Sharma
E1071,Sneha,Female,38,IT,Software Engineer,Delhi,2021-08-05,51300,4,4,Active,N. Verma
E1072,Amit,Male,40,Finance,Accountant,Kolkata,2021-03-03,78186,15,2,Active,A. Sharma
E1073,Sneha,Female,32,Sales,Sales Manager,Pune,2021-10-16,28371,0,5,Active,N. Verma
E1074,Neha,Female,45,Operations,Operations Executive,Delhi,2019-03-28,63676,14,3,Active,A. Sharma
E1075,Vikas,Female,47,Finance,Accountant,Mumbai,2021-11-18,39278,10,5,Active,S. Mehta
E1076,Amit,Female,21,HR,HR Executive,Hyderabad,2024-10-29,43320,8,3,Active,N. Verma
E1077,Karan,Female,24,Sales,Sales Manager,Pune,2024-10-03,95466,13,4,Active,R. Gupta
E1078,Priya,Female,35,HR,HR Executive,Bangalore,2020-11-12,49019,1,4,Active,P. Singh
E1079,Rahul,Male,43,Operations,Operations Manager,Bangalore,2018-10-01,88899,15,4,Active,P. Singh
E1080,Rahul,Male,21,HR,HR Manager,Hyderabad,2023-03-11,73510,11,4,Active,P. Singh
E1081,Amit,Male,38,Operations,Operations Manager,Hyderabad,2018-10-25,75112,2,2,Active,S. Mehta
E1082,Neha,Male,27,IT,Data Analyst,Bangalore,2022-04-30,70330,0,3,Active,A. Sharma
E1083,Sneha,Male,51,Operations,Operations Executive,Mumbai,2021-02-22,85480,13,3,Active,R. Gupta
E1084,Pooja,Female,41,Operations,Operations Executive,Delhi,2020-01-06,90999,12,4,Active,A. Sharma
E1085,Rahul,Female,22,Sales,Sales Manager,Pune,2018-09-16,89279,5,3,Active,A. Sharma
E1086,Karan,Male,39,Sales,Sales Manager,Mumbai,2020-03-08,27240,6,3,Active,A. Sharma
E1087,Priya,Female,41,Sales,Sales Executive,Delhi,2022-08-26,46579,12,2,Resigned,N. Verma
E1088,Sneha,Female,32,IT,Data Analyst,Mumbai,2022-03-22,40006,14,3,Active,S. Mehta
E1089,Priya,Female,43,Sales,Sales Manager,Hyderabad,2023-02-15,49947,1,4,Active,N. Verma
E1090,Pooja,Female,21,Operations,Operations Executive,Chennai,2024-06-01,112945,12,5,Active,S. Mehta
E1091,Simran,Female,47,IT,Data Analyst,Mumbai,2021-02-10,66017,9,4,Active,N. Verma
E1092,Simran,Female,46,IT,Software Engineer,Delhi,2020-11-29,68473,11,3,Resigned,P. Singh
E1093,Rahul,Female,54,Operations,Operations Manager,Pune,2021-10-01,103471,8,4,Resigned,P. Singh
E1094,Karan,Female,45,IT,Data Analyst,Kolkata,2019-04-16,58284,12,2,Active,R. Gupta
E1095,Nisha,Male,50,HR,HR Manager,Chennai,2021-10-15,61035,2,2,Resigned,S. Mehta
E1096,Pooja,Male,27,HR,HR Executive,Kolkata,2023-10-28,100748,0,5,Resigned,R. Gupta
E1097,Rohit,Female,37,Finance,Finance Analyst,Pune,2022-03-14,95949,1,5,Active,A. Sharma
E1098,Nisha,Male,57,Operations,Operations Manager,Kolkata,2018-02-17,65303,2,4,Active,N. Verma
E1099,Nisha,Female,32,Operations,Operations Manager,Mumbai,2019-08-24,52980,0,4,Active,S. Mehta
E1100,Ankit,Female,54,Sales,Sales Executive,Chennai,2023-10-04,35990,7,5,Active,R. Gupta
E1101,Rohit,Female,52,IT,Data Analyst,Mumbai,2018-09-30,72499,8,2,Active,S. Mehta
E1102,Nisha,Male,41,Sales,Sales Executive,Mumbai,2023-09-08,98682,12,5,Resigned,N. Verma
E1103,Sneha,Female,48,Sales,Sales Executive,Bangalore,2019-01-11,93880,2,4,Resigned,R. Gupta
E1104,Neha,Male,28,IT,Software Engineer,Pune,2020-10-13,70975,7,5,Resigned,N. Verma
E1105,Amit,Female,57,Operations,Operations Executive,Pune,2024-06-07,109335,2,4,Active,S. Mehta
E1106,Sneha,Female,46,IT,Software Engineer,Bangalore,2020-02-23,85308,13,3,Active,N. Verma
E1107,Pooja,Male,52,HR,HR Manager,Delhi,2021-06-25,88436,6,3,Active,P. Singh
E1108,Karan,Female,28,Operations,Operations Manager,Delhi,2021-01-26,116248,3,3,Active,A. Sharma
E1109,Neha,Female,47,Sales,Sales Manager,Kolkata,2022-06-24,114881,8,4,Active,P. Singh
E1110,Rohit,Male,21,IT,Software Engineer,Kolkata,2019-12-31,88030,1,3,Active,N. Verma
E1111,Rohit,Female,48,HR,HR Executive,Kolkata,2019-07-14,73596,12,4,Resigned,P. Singh
E1112,Priya,Male,38,Sales,Sales Manager,Kolkata,2022-01-14,29807,14,2,Resigned,S. Mehta
E1113,Rohit,Female,36,IT,Software Engineer,Hyderabad,2020-05-30,52752,3,3,Resigned,S. Mehta
E1114,Ankit,Female,55,IT,Software Engineer,Mumbai,2022-05-21,118071,12,2,Resigned,R. Gupta
E1115,Priya,Female,37,IT,Software Engineer,Chennai,2018-11-19,106741,15,4,Active,N. Verma
E1116,Rohit,Male,28,IT,Data Analyst,Kolkata,2021-07-21,113458,13,2,Resigned,P. Singh
E1117,Sneha,Female,58,HR,HR Manager,Pune,2024-10-15,71985,13,5,Active,A. Sharma
E1118,Nisha,Male,41,Finance,Accountant,Delhi,2022-10-16,106738,6,4,Active,A. Sharma
E1119,Karan,Male,47,Operations,Operations Executive,Pune,2023-05-18,97015,13,5,Active,R. Gupta
E1120,Sneha,Male,26,Sales,Sales Executive,Pune,2019-01-10,113573,10,3,Active,A. Sharma
E1121,Karan,Male,41,Sales,Sales Executive,Chennai,2020-04-24,46535,7,2,Active,N. Verma
E1122,Amit,Female,25,IT,Software Engineer,Pune,2024-09-29,76112,10,5,Active,A. Sharma
E1123,Vikas,Male,38,HR,HR Manager,Kolkata,2019-03-15,37307,1,5,Active,S. Mehta
E1124,Neha,Male,37,IT,Data Analyst,Kolkata,2018-04-23,108390,5,2,Active,N. Verma
E1125,Neha,Female,32,HR,HR Manager,Chennai,2020-03-04,101941,12,2,Resigned,P. Singh
E1126,Simran,Female,24,IT,Software Engineer,Bangalore,2018-07-02,29496,11,3,Resigned,P. Singh
E1127,Ankit,Male,48,IT,Software Engineer,Kolkata,2021-06-07,52706,14,5,Active,P. Singh
E1128,Sneha,Female,34,Sales,Sales Manager,Delhi,2024-03-03,72345,11,2,Active,S. Mehta
E1129,Neha,Male,44,IT,Data Analyst,Pune,2020-06-19,71740,11,5,Active,N. Verma
E1130,Vikas,Female,30,Finance,Finance Analyst,Hyderabad,2020-12-04,44152,4,3,Active,R. Gupta
E1131,Priya,Female,32,HR,HR Executive,Chennai,2022-08-01,62047,5,3,Active,R. Gupta
E1132,Amit,Female,39,Finance,Finance Analyst,Mumbai,2024-09-23,105169,15,2,Active,S. Mehta
E1133,Vikas,Female,48,Sales,Sales Executive,Kolkata,2022-04-14,98908,12,2,Active,N. Verma
E1134,Pooja,Male,26,Operations,Operations Executive,Hyderabad,2020-09-26,95499,14,3,Active,N. Verma
E1135,Ankit,Male,34,Finance,Accountant,Delhi,2020-06-28,111177,5,4,Active,P. Singh
E1136,Amit,Male,55,Finance,Accountant,Delhi,2024-03-13,71553,15,2,Active,R. Gupta
E1137,Priya,Female,48,Finance,Finance Analyst,Hyderabad,2020-01-20,75558,5,5,Active,P. Singh
E1138,Rahul,Female,52,IT,Software Engineer,Kolkata,2024-03-25,98184,9,2,Resigned,P. Singh
E1139,Nisha,Male,38,Sales,Sales Executive,Delhi,2021-04-07,48650,8,5,Active,N. Verma
E1140,Nisha,Female,31,Sales,Sales Manager,Mumbai,2024-09-02,68573,12,2,Active,N. Verma
E1141,Amit,Female,51,IT,Software Engineer,Kolkata,2020-12-12,63442,9,3,Active,S. Mehta
E1142,Neha,Female,33,Operations,Operations Manager,Chennai,2020-12-06,87866,12,5,Active,N. Verma
E1143,Ankit,Male,32,HR,HR Manager,Hyderabad,2019-11-03,32651,1,3,Resigned,A. Sharma
E1144,Neha,Female,27,IT,Software Engineer,Bangalore,2020-08-14,74504,3,3,Active,N. Verma
E1145,Ankit,Male,33,IT,Software Engineer,Bangalore,2023-05-15,42842,7,3,Active,A. Sharma
E1146,Amit,Male,45,Sales,Sales Manager,Mumbai,2022-05-29,110086,10,2,Resigned,S. Mehta
E1147,Sneha,Male,35,Finance,Finance Analyst,Mumbai,2024-02-18,57068,2,5,Active,P. Singh
E1148,Simran,Female,32,Sales,Sales Manager,Bangalore,2024-08-10,97768,9,5,Active,R. Gupta
E1149,Rohit,Female,51,IT,Data Analyst,Chennai,2020-05-11,58266,7,2,Resigned,A. Sharma
E1150,Neha,Female,37,Sales,Sales Executive,Mumbai,2023-06-21,42246,9,4,Active,S. Mehta
E1151,Nisha,Female,39,Sales,Sales Manager,Delhi,2019-12-13,97195,15,5,Active,A. Sharma
E1152,Amit,Female,26,Operations,Operations Manager,Pune,2019-06-15,46889,9,3,Active,A. Sharma
E1153,Karan,Female,25,Operations,Operations Executive,Delhi,2019-07-27,82164,1,3,Resigned,R. Gupta
E1154,Rohit,Male,23,Operations,Operations Manager,Mumbai,2020-12-19,101852,5,3,Resigned,S. Mehta
E1155,Nisha,Female,42,IT,Software Engineer,Hyderabad,2022-11-26,80073,14,3,Resigned,S. Mehta
E1156,Rohit,Female,50,Sales,Sales Executive,Delhi,2021-05-18,33071,11,5,Resigned,R. Gupta
E1157,Simran,Male,37,Finance,Accountant,Chennai,2020-03-22,28393,11,2,Resigned,A. Sharma
E1158,Priya,Female,21,Finance,Finance Analyst,Delhi,2018-03-22,89834,10,2,Active,P. Singh
E1159,Simran,Male,35,HR,HR Executive,Pune,2020-06-06,69557,2,2,Active,P. Singh
E1160,Rohit,Male,26,Sales,Sales Executive,Kolkata,2018-05-15,110286,13,5,Active,A. Sharma
E1161,Pooja,Female,26,Operations,Operations Executive,Hyderabad,2019-12-07,85096,9,3,Active,S. Mehta
E1162,Pooja,Female,42,Sales,Sales Manager,Chennai,2018-02-19,92604,7,4,Active,R. Gupta
E1163,Rohit,Male,46,Operations,Operations Executive,Bangalore,2018-11-03,26830,6,3,Active,P. Singh
E1164,Sneha,Male,53,Finance,Accountant,Chennai,2021-05-29,86564,0,5,Active,R. Gupta
E1165,Neha,Female,57,IT,Software Engineer,Mumbai,2021-10-01,105924,11,5,Active,P. Singh
E1166,Rohit,Female,21,Finance,Accountant,Mumbai,2024-07-31,67522,11,2,Active,R. Gupta
E1167,Vikas,Female,57,Sales,Sales Executive,Chennai,2021-04-13,30795,7,5,Active,S. Mehta
E1168,Amit,Female,57,Sales,Sales Executive,Pune,2022-07-30,107026,5,5,Active,S. Mehta
E1169,Rohit,Male,29,Operations,Operations Executive,Bangalore,2020-09-19,65206,4,2,Active,P. Singh
E1170,Priya,Female,36,Finance,Accountant,Kolkata,2019-06-09,113845,7,3,Active,S. Mehta
E1171,Rohit,Male,46,Sales,Sales Manager,Chennai,2021-02-02,44146,10,5,Active,P. Singh
E1172,Vikas,Female,55,Operations,Operations Manager,Kolkata,2019-05-18,37294,4,4,Active,P. Singh
E1173,Neha,Female,49,Operations,Operations Executive,Kolkata,2020-10-16,50722,6,4,Active,A. Sharma
E1174,Ankit,Female,26,Sales,Sales Executive,Chennai,2020-12-06,112356,12,5,Active,R. Gupta
E1175,Rahul,Female,38,Finance,Accountant,Mumbai,2020-11-15,63846,8,5,Active,S. Mehta
E1176,Simran,Female,37,Sales,Sales Manager,Chennai,2023-06-04,85199,15,5,Active,S. Mehta
E1177,Rohit,Male,31,Sales,Sales Executive,Hyderabad,2020-11-14,69191,0,5,Active,P. Singh
E1178,Ankit,Female,46,Operations,Operations Executive,Chennai,2018-10-05,57402,7,5,Active,S. Mehta
E1179,Rohit,Male,28,Finance,Accountant,Delhi,2022-07-16,116226,3,4,Resigned,P. Singh
E1180,Rohit,Male,33,Sales,Sales Executive,Hyderabad,2020-01-10,47882,11,4,Active,S. Mehta
E1181,Vikas,Male,58,HR,HR Executive,Bangalore,2024-08-26,86333,2,2,Active,P. Singh
E1182,Rohit,Female,56,Operations,Operations Executive,Bangalore,2020-02-21,79765,5,2,Active,R. Gupta
E1183,Vikas,Female,49,Sales,Sales Manager,Bangalore,2020-06-13,55291,1,3,Active,P. Singh
E1184,Simran,Female,28,Finance,Accountant,Bangalore,2020-06-10,43283,8,5,Active,A. Sharma
E1185,Priya,Male,38,Operations,Operations Executive,Pune,2023-09-24,82371,1,4,Resigned,A. Sharma
E1186,Karan,Female,35,Finance,Accountant,Chennai,2019-11-15,102614,13,4,Active,P. Singh
E1187,Rahul,Female,39,Sales,Sales Executive,Mumbai,2018-02-12,78118,4,4,Active,A. Sharma
E1188,Sneha,Male,43,Finance,Finance Analyst,Hyderabad,2021-06-15,39979,9,5,Active,R. Gupta
E1189,Karan,Male,37,Finance,Accountant,Chennai,2020-10-09,69025,13,4,Active,S. Mehta
E1190,Sneha,Female,42,HR,HR Manager,Delhi,2021-09-23,31998,15,3,Active,A. Sharma
E1191,Pooja,Female,45,Sales,Sales Executive,Bangalore,2019-03-29,58997,7,5,Active,P. Singh
E1192,Priya,Male,53,Operations,Operations Executive,Pune,2024-09-05,92002,13,2,Resigned,R. Gupta
E1193,Nisha,Female,44,Finance,Finance Analyst,Mumbai,2022-08-19,33792,7,4,Active,A. Sharma
E1194,Vikas,Female,31,Operations,Operations Manager,Chennai,2020-12-19,67768,14,4,Active,S. Mehta
E1195,Pooja,Male,36,Sales,Sales Executive,Pune,2021-12-23,61266,9,3,Active,A. Sharma
E1196,Pooja,Female,51,Finance,Accountant,Kolkata,2023-07-10,46400,14,4,Resigned,R. Gupta
E1197,Karan,Male,54,IT,Data Analyst,Delhi,2021-09-21,111036,3,3,Active,R. Gupta
E1198,Rahul,Female,38,Sales,Sales Manager,Bangalore,2019-11-21,43999,10,3,Active,N. Verma
E1199,Karan,Male,58,Finance,Accountant,Kolkata,2022-05-21,76910,11,3,Resigned,P. Singh
E1200,Karan,Male,32,Finance,Finance Analyst,Hyderabad,2022-06-28,97120,12,4,Active,N. Verma
E1201,Karan,Female,54,HR,HR Manager,Mumbai,2021-03-20,47423,6,3,Active,A. Sharma
E1202,Nisha,Female,41,Operations,Operations Manager,Pune,2021-11-29,70594,15,5,Active,S. Mehta
E1203,Rohit,Female,23,Operations,Operations Manager,Delhi,2022-07-21,66574,8,3,Active,P. Singh
E1204,Simran,Female,21,Finance,Finance Analyst,Chennai,2020-02-28,80317,8,3,Active,N. Verma
E1205,Vikas,Female,34,Finance,Accountant,Pune,2019-05-14,71249,13,2,Active,A. Sharma
E1206,Pooja,Male,34,Operations,Operations Manager,Kolkata,2022-07-25,104376,8,3,Active,P. Singh
E1207,Pooja,Female,38,HR,HR Manager,Chennai,2024-06-13,101627,10,3,Active,P. Singh
E1208,Priya,Male,24,Finance,Accountant,Delhi,2021-12-29,39588,1,4,Resigned,R. Gupta
E1209,Nisha,Female,28,Operations,Operations Executive,Pune,2018-04-16,112677,7,3,Active,R. Gupta
E1210,Vikas,Female,34,IT,Data Analyst,Mumbai,2022-06-08,55583,1,5,Active,A. Sharma
E1211,Rahul,Male,37,HR,HR Manager,Delhi,2020-08-01,78087,0,3,Resigned,A. Sharma
E1212,Nisha,Male,30,IT,Data Analyst,Bangalore,2022-04-29,101715,5,2,Resigned,P. Singh
E1213,Amit,Female,33,IT,Data Analyst,Mumbai,2024-06-22,53497,1,4,Active,S. Mehta
E1214,Priya,Female,51,IT,Data Analyst,Delhi,2024-07-08,39404,3,3,Active,S. Mehta
E1215,Rohit,Male,40,IT,Software Engineer,Chennai,2022-11-03,103091,6,3,Active,N. Verma
E1216,Simran,Male,39,Operations,Operations Executive,Pune,2021-01-07,39521,1,3,Active,R. Gupta
E1217,Priya,Male,48,IT,Data Analyst,Bangalore,2023-11-16,35310,6,3,Active,P. Singh
E1218,Rohit,Male,43,IT,Software Engineer,Chennai,2022-11-15,84381,7,4,Active,S. Mehta
E1219,Priya,Male,43,Sales,Sales Manager,Delhi,2018-01-24,100339,11,5,Active,N. Verma
E1220,Rohit,Male,23,HR,HR Executive,Chennai,2020-10-25,100265,11,5,Resigned,N. Verma
E1221,Priya,Male,53,Finance,Accountant,Kolkata,2020-03-01,34155,13,3,Resigned,P. Singh
E1222,Sneha,Female,45,Finance,Finance Analyst,Pune,2023-05-04,73101,6,5,Active,P. Singh
E1223,Rohit,Female,32,IT,Data Analyst,Pune,2022-08-23,107548,1,5,Active,R. Gupta
E1224,Pooja,Male,48,IT,Data Analyst,Delhi,2023-01-30,31545,7,4,Active,A. Sharma
E1225,Simran,Male,25,Operations,Operations Manager,Kolkata,2021-03-31,50501,15,5,Resigned,N. Verma
E1226,Neha,Female,27,HR,HR Manager,Mumbai,2018-04-02,110587,15,2,Active,N. Verma
E1227,Sneha,Female,25,IT,Data Analyst,Mumbai,2020-03-12,68613,8,5,Active,N. Verma
E1228,Neha,Female,29,Sales,Sales Executive,Bangalore,2024-08-10,58426,11,2,Active,P. Singh
E1229,Pooja,Male,38,IT,Data Analyst,Pune,2023-10-07,35112,14,5,Active,P. Singh
E1230,Sneha,Female,55,Operations,Operations Executive,Chennai,2024-10-03,44268,8,5,Active,S. Mehta
E1231,Priya,Male,56,Operations,Operations Manager,Bangalore,2022-11-06,76159,13,4,Active,S. Mehta
E1232,Ankit,Male,26,Finance,Accountant,Hyderabad,2019-09-18,62494,12,3,Active,A. Sharma
E1233,Rohit,Female,32,HR,HR Manager,Mumbai,2019-01-06,38063,6,5,Active,P. Singh
E1234,Rahul,Male,50,IT,Software Engineer,Mumbai,2022-05-01,90599,5,3,Active,P. Singh
E1235,Simran,Female,33,HR,HR Executive,Chennai,2022-09-08,71654,5,4,Active,S. Mehta
E1236,Amit,Female,28,HR,HR Executive,Bangalore,2018-10-17,68021,11,2,Resigned,R. Gupta
E1237,Amit,Female,34,Sales,Sales Executive,Chennai,2022-03-08,79010,9,2,Resigned,R. Gupta
E1238,Rahul,Female,57,IT,Data Analyst,Bangalore,2019-04-21,90844,7,3,Active,R. Gupta
E1239,Rohit,Male,57,Operations,Operations Manager,Hyderabad,2023-04-17,31216,0,3,Active,R. Gupta
E1240,Neha,Male,23,Finance,Finance Analyst,Mumbai,2020-07-24,79008,15,5,Resigned,P. Singh
E1241,Simran,Male,37,Finance,Finance Analyst,Bangalore,2019-07-03,67656,14,4,Active,S. Mehta
E1242,Amit,Female,58,IT,Software Engineer,Bangalore,2019-03-19,89161,10,5,Active,P. Singh
E1243,Simran,Male,42,Finance,Accountant,Chennai,2024-01-17,67995,8,5,Resigned,S. Mehta
E1244,Vikas,Female,22,Finance,Accountant,Mumbai,2024-04-02,116129,13,4,Resigned,S. Mehta
E1245,Karan,Male,47,IT,Data Analyst,Mumbai,2018-01-23,44995,1,3,Active,A. Sharma
E1246,Rahul,Female,50,Sales,Sales Executive,Chennai,2018-06-26,103485,5,3,Active,P. Singh
E1247,Ankit,Male,28,Finance,Accountant,Pune,2022-09-29,118697,2,5,Active,S. Mehta
E1248,Nisha,Female,22,Finance,Accountant,Bangalore,2023-03-28,28644,0,2,Active,P. Singh
E1249,Sneha,Female,41,Operations,Operations Manager,Bangalore,2020-06-30,52465,4,3,Active,N. Verma
E1250,Sneha,Male,52,Operations,Operations Executive,Kolkata,2021-07-22,26650,11,5,Active,P. Singh
E1251,Karan,Male,25,HR,HR Executive,Bangalore,2021-10-30,52675,0,4,Active,P. Singh
E1252,Priya,Male,30,Finance,Finance Analyst,Delhi,2023-12-15,51793,14,3,Active,S. Mehta
E1253,Pooja,Female,42,HR,HR Executive,Hyderabad,2023-08-24,33660,0,3,Active,N. Verma
E1254,Ankit,Female,46,Operations,Operations Manager,Bangalore,2022-06-20,32744,13,4,Active,N. Verma
E1255,Simran,Male,46,IT,Data Analyst,Kolkata,2020-01-13,25948,1,2,Active,N. Verma
E1256,Sneha,Female,58,Sales,Sales Manager,Delhi,2019-09-12,69649,6,5,Resigned,P. Singh
E1257,Ankit,Male,32,Sales,Sales Executive,Delhi,2022-03-12,38752,5,3,Active,P. Singh
E1258,Neha,Male,51,Sales,Sales Executive,Kolkata,2018-03-08,91072,15,4,Active,A. Sharma
E1259,Ankit,Female,26,Sales,Sales Executive,Hyderabad,2018-01-22,115283,2,2,Active,A. Sharma
E1260,Amit,Female,55,Sales,Sales Manager,Chennai,2024-08-23,39054,4,3,Active,N. Verma
E1261,Amit,Female,35,IT,Software Engineer,Kolkata,2019-07-06,53767,0,4,Resigned,N. Verma
E1262,Pooja,Female,42,HR,HR Executive,Chennai,2021-09-15,97493,9,5,Active,N. Verma
E1263,Ankit,Male,28,IT,Software Engineer,Delhi,2019-09-08,86231,8,5,Active,A. Sharma
E1264,Karan,Male,55,Sales,Sales Manager,Bangalore,2019-09-01,113035,4,4,Resigned,N. Verma
E1265,Amit,Male,22,Operations,Operations Executive,Mumbai,2019-02-23,49213,8,4,Active,R. Gupta
E1266,Neha,Female,57,Sales,Sales Manager,Pune,2023-08-20,107001,4,2,Active,A. Sharma
E1267,Ankit,Female,33,Operations,Operations Executive,Chennai,2024-06-19,94346,11,3,Resigned,N. Verma
E1268,Pooja,Female,40,Operations,Operations Manager,Pune,2021-08-16,95649,10,4,Active,P. Singh
E1269,Rohit,Female,42,IT,Data Analyst,Hyderabad,2019-05-27,107238,4,5,Resigned,R. Gupta
E1270,Vikas,Female,51,HR,HR Executive,Pune,2018-02-06,34947,4,5,Active,A. Sharma
E1271,Ankit,Male,48,IT,Software Engineer,Kolkata,2018-12-10,93929,13,2,Active,R. Gupta
E1272,Vikas,Male,23,Operations,Operations Manager,Kolkata,2021-11-24,119454,15,4,Active,P. Singh
E1273,Rahul,Male,47,Operations,Operations Executive,Chennai,2020-07-17,113278,1,4,Active,R. Gupta
E1274,Simran,Female,31,Finance,Finance Analyst,Chennai,2024-08-04,33249,2,2,Active,P. Singh
E1275,Sneha,Female,40,Operations,Operations Manager,Pune,2019-12-14,59714,8,4,Active,S. Mehta
E1276,Sneha,Female,53,HR,HR Executive,Pune,2021-01-02,70448,5,3,Active,A. Sharma
E1277,Neha,Male,38,HR,HR Manager,Kolkata,2021-04-17,66006,8,5,Active,N. Verma
E1278,Rahul,Male,51,Operations,Operations Manager,Pune,2019-06-16,31971,4,5,Active,S. Mehta
E1279,Vikas,Female,58,HR,HR Executive,Delhi,2019-08-13,97992,7,2,Active,S. Mehta
E1280,Pooja,Female,43,Operations,Operations Executive,Bangalore,2020-08-12,118379,0,4,Active,N. Verma
E1281,Pooja,Female,26,HR,HR Executive,Delhi,2024-09-30,46874,5,4,Active,P. Singh
E1282,Rahul,Female,39,Finance,Finance Analyst,Chennai,2021-01-03,46800,4,2,Resigned,A. Sharma
E1283,Karan,Male,47,HR,HR Executive,Mumbai,2020-08-13,65394,1,4,Active,P. Singh
E1284,Neha,Male,56,Operations,Operations Manager,Delhi,2022-01-23,35931,3,3,Active,P. Singh
E1285,Neha,Female,45,HR,HR Manager,Hyderabad,2021-10-11,115422,1,3,Active,R. Gupta
E1286,Rohit,Female,54,IT,Software Engineer,Hyderabad,2020-08-21,40337,12,3,Active,P. Singh
E1287,Amit,Male,43,HR,HR Manager,Kolkata,2022-08-08,88428,15,4,Resigned,S. Mehta
E1288,Priya,Female,26,IT,Software Engineer,Delhi,2023-02-18,35634,3,5,Resigned,R. Gupta
E1289,Vikas,Female,48,Sales,Sales Manager,Mumbai,2024-04-03,32975,13,4,Active,P. Singh
E1290,Amit,Male,38,Finance,Finance Analyst,Bangalore,2021-05-22,53121,14,3,Active,P. Singh
E1291,Simran,Female,24,Operations,Operations Executive,Kolkata,2020-01-19,115604,9,5,Active,P. Singh
E1292,Simran,Male,28,Sales,Sales Manager,Bangalore,2018-05-29,57085,7,3,Active,P. Singh
E1293,Karan,Male,45,Finance,Finance Analyst,Mumbai,2019-07-30,71834,12,5,Active,S. Mehta
E1294,Rohit,Female,33,HR,HR Executive,Delhi,2021-09-11,96811,3,2,Active,N. Verma
E1295,Simran,Female,22,Finance,Finance Analyst,Bangalore,2023-10-28,61072,15,5,Active,P. Singh
E1296,Amit,Male,40,Operations,Operations Executive,Mumbai,2020-03-11,73125,11,2,Active,A. Sharma
E1297,Vikas,Female,40,Sales,Sales Manager,Delhi,2021-11-01,108357,15,5,Active,A. Sharma
E1298,Nisha,Female,56,Finance,Accountant,Mumbai,2020-01-22,103139,12,5,Active,N. Verma
E1299,Neha,Female,21,IT,Data Analyst,Hyderabad,2024-09-04,75548,0,3,Active,A. Sharma
E1300,Karan,Female,29,Finance,Accountant,Kolkata,2019-10-01,58386,0,5,Active,R. Gupta
E1301,Priya,Male,30,Sales,Sales Manager,Delhi,2023-11-10,33517,9,3,Active,N. Verma
E1302,Priya,Female,34,Finance,Finance Analyst,Pune,2021-12-24,49893,14,3,Active,R. Gupta
E1303,Priya,Male,58,Sales,Sales Manager,Chennai,2021-12-07,68747,2,4,Active,S. Mehta
E1304,Rahul,Female,25,Operations,Operations Executive,Delhi,2019-04-09,93732,4,2,Active,N. Verma
E1305,Pooja,Female,38,Sales,Sales Executive,Bangalore,2021-06-24,48531,9,4,Active,A. Sharma
E1306,Neha,Female,23,Sales,Sales Executive,Mumbai,2020-03-25,100592,11,4,Active,S. Mehta
E1307,Sneha,Female,54,Operations,Operations Executive,Hyderabad,2018-04-04,70899,14,4,Resigned,S. Mehta
E1308,Simran,Male,28,HR,HR Manager,Chennai,2019-04-11,53931,12,3,Active,S. Mehta
E1309,Rahul,Male,43,HR,HR Manager,Mumbai,2023-06-23,34867,5,4,Active,S. Mehta
E1310,Karan,Male,50,IT,Software Engineer,Delhi,2018-10-28,82901,3,4,Active,R. Gupta
E1311,Priya,Female,43,Operations,Operations Executive,Bangalore,2019-06-11,113346,9,4,Active,N. Verma
E1312,Neha,Male,57,Operations,Operations Manager,Hyderabad,2018-12-31,113845,9,5,Resigned,N. Verma
E1313,Pooja,Male,40,IT,Software Engineer,Delhi,2024-02-06,116269,9,3,Active,N. Verma
E1314,Pooja,Female,29,Operations,Operations Manager,Kolkata,2021-10-04,98360,5,5,Active,S. Mehta
E1315,Neha,Male,48,IT,Software Engineer,Delhi,2018-10-08,41434,0,3,Resigned,A. Sharma
E1316,Karan,Female,56,Operations,Operations Executive,Chennai,2021-03-05,38457,4,3,Active,R. Gupta
E1317,Priya,Female,47,HR,HR Manager,Hyderabad,2024-02-06,101808,13,2,Active,P. Singh
E1318,Priya,Female,32,Sales,Sales Executive,Mumbai,2024-08-08,118111,13,5,Active,R. Gupta
E1319,Vikas,Male,26,Operations,Operations Executive,Chennai,2023-03-06,69613,10,3,Active,R. Gupta
E1320,Priya,Male,34,IT,Software Engineer,Bangalore,2020-06-17,32220,9,2,Resigned,S. Mehta
E1321,Karan,Female,22,HR,HR Manager,Pune,2019-01-20,64907,4,5,Resigned,P. Singh
E1322,Pooja,Female,40,Operations,Operations Executive,Delhi,2019-11-08,47354,7,4,Active,P. Singh
E1323,Amit,Male,39,Sales,Sales Executive,Kolkata,2023-06-22,90621,10,5,Active,R. Gupta
E1324,Vikas,Female,23,HR,HR Manager,Bangalore,2018-10-27,59410,5,3,Active,P. Singh
E1325,Ankit,Female,40,Operations,Operations Executive,Hyderabad,2023-10-06,90451,11,3,Resigned,P. Singh
E1326,Simran,Male,23,Sales,Sales Executive,Delhi,2024-04-09,25556,14,2,Resigned,R. Gupta
E1327,Rohit,Male,31,HR,HR Manager,Chennai,2024-04-22,75748,4,5,Active,N. Verma
E1328,Ankit,Male,25,IT,Software Engineer,Hyderabad,2022-06-09,93497,11,5,Active,N. Verma
E1329,Pooja,Male,37,Sales,Sales Manager,Kolkata,2023-03-19,27505,6,4,Resigned,R. Gupta
E1330,Neha,Female,31,Finance,Finance Analyst,Mumbai,2019-06-26,32487,15,4,Active,R. Gupta
E1331,Vikas,Male,50,Finance,Finance Analyst,Pune,2019-10-10,79180,2,2,Active,P. Singh
E1332,Sneha,Male,28,Sales,Sales Manager,Kolkata,2022-12-22,77524,1,4,Resigned,P. Singh
E1333,Simran,Male,28,Finance,Accountant,Bangalore,2024-03-20,44407,13,4,Active,P. Singh
E1334,Simran,Male,24,Finance,Finance Analyst,Pune,2021-02-19,100375,2,3,Resigned,R. Gupta
E1335,Rahul,Female,29,IT,Software Engineer,Kolkata,2021-07-15,25326,15,3,Resigned,N. Verma
E1336,Pooja,Male,41,HR,HR Manager,Mumbai,2019-09-30,75301,9,3,Active,R. Gupta
E1337,Rohit,Female,41,Operations,Operations Executive,Delhi,2018-01-01,61796,3,3,Active,P. Singh
E1338,Sneha,Female,34,HR,HR Manager,Pune,2022-07-20,26650,12,2,Active,R. Gupta
E1339,Priya,Female,37,Sales,Sales Manager,Hyderabad,2019-10-19,42083,12,4,Active,N. Verma
E1340,Vikas,Male,23,HR,HR Manager,Hyderabad,2019-11-22,78698,12,3,Active,N. Verma
E1341,Priya,Female,53,IT,Software Engineer,Kolkata,2023-06-06,60551,12,3,Active,P. Singh
E1342,Pooja,Female,30,Operations,Operations Executive,Bangalore,2018-04-18,80918,1,5,Active,S. Mehta
E1343,Ankit,Female,43,IT,Software Engineer,Kolkata,2019-01-11,86442,1,2,Active,S. Mehta
E1344,Neha,Male,55,Finance,Accountant,Bangalore,2022-03-14,25037,10,3,Active,P. Singh
E1345,Vikas,Male,42,Operations,Operations Executive,Mumbai,2021-05-23,84239,2,4,Active,A. Sharma
E1346,Pooja,Female,55,IT,Software Engineer,Mumbai,2023-01-06,69918,2,3,Active,A. Sharma
E1347,Pooja,Male,55,HR,HR Manager,Kolkata,2020-05-03,71789,1,2,Active,S. Mehta
E1348,Simran,Female,40,Finance,Accountant,Pune,2024-05-23,101622,14,2,Active,N. Verma
E1349,Pooja,Male,32,HR,HR Manager,Mumbai,2018-07-09,48663,14,3,Active,A. Sharma
E1350,Priya,Female,46,Operations,Operations Executive,Bangalore,2020-03-20,88779,10,5,Active,A. Sharma
E1351,Neha,Female,48,HR,HR Manager,Kolkata,2021-11-17,59629,12,2,Resigned,A. Sharma
E1352,Priya,Female,50,Operations,Operations Manager,Delhi,2021-09-30,87845,9,3,Active,S. Mehta
E1353,Neha,Male,54,Operations,Operations Executive,Hyderabad,2018-01-04,30050,4,4,Resigned,R. Gupta
E1354,Amit,Male,24,HR,HR Manager,Bangalore,2021-02-14,114054,3,5,Active,S. Mehta
E1355,Neha,Male,50,Sales,Sales Executive,Mumbai,2018-08-09,48385,14,5,Active,A. Sharma
E1356,Nisha,Female,55,Sales,Sales Manager,Chennai,2023-06-10,114423,4,3,Active,S. Mehta
E1357,Rahul,Female,44,IT,Software Engineer,Hyderabad,2019-02-23,109955,15,2,Active,P. Singh
E1358,Amit,Male,33,Sales,Sales Manager,Mumbai,2021-01-17,96488,1,3,Resigned,S. Mehta
E1359,Pooja,Male,39,HR,HR Manager,Mumbai,2023-06-27,112910,5,4,Resigned,P. Singh
E1360,Sneha,Male,21,Operations,Operations Executive,Chennai,2024-09-14,85975,5,3,Active,N. Verma
E1361,Simran,Male,27,HR,HR Manager,Delhi,2022-05-13,97779,3,3,Active,A. Sharma
E1362,Simran,Male,21,Operations,Operations Manager,Bangalore,2019-12-16,80306,5,3,Active,A. Sharma
E1363,Karan,Female,24,IT,Data Analyst,Chennai,2019-01-22,80566,3,5,Active,S. Mehta
E1364,Rahul,Female,21,Sales,Sales Manager,Pune,2018-07-13,46632,1,5,Active,A. Sharma
E1365,Pooja,Female,43,HR,HR Manager,Hyderabad,2024-01-09,51185,11,5,Active,P. Singh
E1366,Karan,Male,33,Operations,Operations Executive,Chennai,2018-04-21,50662,1,2,Active,P. Singh
E1367,Karan,Male,31,Sales,Sales Executive,Kolkata,2019-06-11,101602,2,5,Active,A. Sharma
E1368,Nisha,Male,56,IT,Software Engineer,Chennai,2019-09-19,105471,8,3,Active,N. Verma
E1369,Karan,Male,33,Operations,Operations Executive,Bangalore,2018-01-19,34604,4,5,Active,A. Sharma
E1370,Rahul,Male,52,HR,HR Executive,Chennai,2019-12-10,49203,15,2,Active,N. Verma
E1371,Ankit,Male,34,Sales,Sales Executive,Bangalore,2021-08-02,111648,15,3,Active,R. Gupta
E1372,Karan,Male,52,Operations,Operations Executive,Chennai,2022-02-25,42817,9,5,Active,R. Gupta
E1373,Priya,Male,50,Operations,Operations Executive,Delhi,2020-12-24,77440,15,5,Resigned,A. Sharma
E1374,Pooja,Female,30,HR,HR Manager,Pune,2023-09-17,37748,5,5,Resigned,P. Singh
E1375,Sneha,Male,57,IT,Software Engineer,Mumbai,2019-12-24,42395,1,5,Active,R. Gupta
E1376,Amit,Male,44,Operations,Operations Executive,Bangalore,2021-08-19,89908,8,2,Active,N. Verma
E1377,Neha,Female,31,Sales,Sales Executive,Chennai,2021-05-19,73601,11,3,Active,N. Verma
E1378,Pooja,Male,42,IT,Software Engineer,Chennai,2021-11-26,44995,4,2,Active,S. Mehta
E1379,Simran,Male,22,Finance,Finance Analyst,Delhi,2022-10-05,115302,4,3,Active,P. Singh
E1380,Amit,Male,29,Sales,Sales Executive,Hyderabad,2024-06-11,39230,3,2,Active,P. Singh
E1381,Simran,Male,36,IT,Data Analyst,Mumbai,2020-05-17,65331,13,5,Active,A. Sharma
E1382,Simran,Male,22,HR,HR Executive,Kolkata,2018-04-01,27192,5,2,Active,P. Singh
E1383,Priya,Male,55,HR,HR Manager,Bangalore,2022-02-03,87898,4,4,Active,A. Sharma
E1384,Amit,Male,44,Finance,Finance Analyst,Chennai,2020-04-14,27081,5,4,Active,N. Verma
E1385,Amit,Male,55,Finance,Accountant,Kolkata,2018-11-05,29909,15,2,Active,A. Sharma
E1386,Pooja,Female,37,Operations,Operations Executive,Delhi,2022-07-20,116016,8,3,Active,R. Gupta
E1387,Vikas,Female,30,Finance,Accountant,Chennai,2021-02-22,111903,8,2,Resigned,A. Sharma
E1388,Priya,Female,32,Finance,Finance Analyst,Kolkata,2020-02-09,27599,11,3,Active,R. Gupta
E1389,Pooja,Male,38,HR,HR Executive,Pune,2018-05-04,37943,15,5,Active,N. Verma
E1390,Amit,Female,31,Finance,Accountant,Delhi,2018-01-01,109187,5,3,Active,A. Sharma
E1391,Vikas,Female,39,IT,Software Engineer,Mumbai,2020-06-08,72456,0,3,Resigned,A. Sharma
E1392,Ankit,Female,33,IT,Data Analyst,Chennai,2022-12-10,95424,4,5,Active,S. Mehta
E1393,Nisha,Male,54,Sales,Sales Manager,Delhi,2024-07-25,43692,10,5,Active,R. Gupta
E1394,Ankit,Male,34,IT,Software Engineer,Chennai,2024-05-04,48299,12,5,Active,R. Gupta
E1395,Ankit,Female,51,Operations,Operations Executive,Bangalore,2020-01-10,77041,7,2,Active,P. Singh
E1396,Simran,Male,40,Sales,Sales Executive,Mumbai,2019-04-13,95108,3,4,Active,R. Gupta
E1397,Karan,Male,52,IT,Data Analyst,Bangalore,2021-05-17,107679,0,4,Active,S. Mehta
E1398,Simran,Female,54,Operations,Operations Executive,Kolkata,2021-04-17,43025,14,4,Active,P. Singh
E1399,Amit,Female,33,IT,Data Analyst,Bangalore,2023-04-05,95198,7,4,Active,S. Mehta
E1400,Nisha,Female,40,Sales,Sales Executive,Kolkata,2024-04-23,58272,13,3,Active,S. Mehta
E1401,Amit,Male,25,HR,HR Executive,Hyderabad,2022-07-01,93945,3,4,Active,P. Singh
E1402,Neha,Male,33,Finance,Accountant,Bangalore,2024-07-20,102769,14,2,Active,R. Gupta
E1403,Neha,Male,50,Operations,Operations Manager,Hyderabad,2019-11-28,43652,6,4,Active,P. Singh
E1404,Pooja,Female,50,Finance,Finance Analyst,Kolkata,2020-02-11,81208,3,4,Active,P. Singh
E1405,Pooja,Female,54,Sales,Sales Manager,Hyderabad,2020-11-26,47593,13,2,Active,S. Mehta
E1406,Pooja,Female,44,Operations,Operations Manager,Hyderabad,2022-01-27,101716,10,4,Active,A. Sharma
E1407,Nisha,Female,43,HR,HR Executive,Bangalore,2020-07-26,55982,7,5,Resigned,S. Mehta
E1408,Amit,Male,36,Operations,Operations Manager,Hyderabad,2024-02-18,112354,7,5,Active,R. Gupta
E1409,Pooja,Female,28,Operations,Operations Manager,Chennai,2020-07-03,46253,8,4,Active,P. Singh
E1410,Ankit,Female,39,Sales,Sales Manager,Pune,2023-05-14,97548,4,5,Active,R. Gupta
E1411,Ankit,Female,42,Finance,Finance Analyst,Mumbai,2021-12-03,58312,1,2,Active,R. Gupta
E1412,Neha,Male,58,Operations,Operations Executive,Hyderabad,2023-07-05,70285,8,4,Active,A. Sharma
E1413,Pooja,Female,21,Finance,Finance Analyst,Kolkata,2020-08-24,73680,14,3,Active,A. Sharma
E1414,Simran,Male,43,Sales,Sales Manager,Delhi,2020-08-04,85460,4,5,Active,N. Verma
E1415,Vikas,Female,34,Operations,Operations Executive,Pune,2022-08-02,54094,14,3,Active,R. Gupta
E1416,Rahul,Male,52,Sales,Sales Manager,Chennai,2018-01-10,108092,11,4,Active,R. Gupta
E1417,Nisha,Female,35,HR,HR Manager,Hyderabad,2022-04-17,96343,14,3,Active,S. Mehta
E1418,Karan,Male,34,HR,HR Executive,Pune,2019-09-21,67994,7,3,Active,N. Verma
E1419,Priya,Female,25,Operations,Operations Manager,Pune,2018-10-27,41458,6,2,Active,R. Gupta
E1420,Simran,Male,43,HR,HR Executive,Mumbai,2019-01-22,55944,15,5,Active,N. Verma
E1421,Priya,Female,34,Operations,Operations Executive,Delhi,2023-02-08,29377,7,3,Active,N. Verma
E1422,Vikas,Female,49,HR,HR Manager,Hyderabad,2022-06-28,41434,2,4,Active,N. Verma
E1423,Sneha,Female,31,HR,HR Executive,Hyderabad,2021-11-01,91322,10,2,Active,N. Verma
E1424,Sneha,Female,24,Operations,Operations Manager,Bangalore,2024-06-04,39475,0,3,Resigned,N. Verma
E1425,Rahul,Female,55,HR,HR Manager,Chennai,2020-01-29,57737,6,5,Active,P. Singh
E1426,Neha,Female,43,IT,Software Engineer,Bangalore,2022-08-04,29894,10,4,Active,P. Singh
E1427,Amit,Female,45,Sales,Sales Executive,Bangalore,2022-06-11,30842,13,4,Active,R. Gupta
E1428,Amit,Male,22,Sales,Sales Manager,Kolkata,2021-10-02,44791,13,4,Resigned,R. Gupta
E1429,Vikas,Female,21,Sales,Sales Manager,Mumbai,2023-02-26,104787,10,3,Active,N. Verma
E1430,Karan,Male,23,IT,Data Analyst,Delhi,2023-01-18,118613,15,3,Active,A. Sharma
E1431,Priya,Female,57,HR,HR Manager,Bangalore,2020-02-20,113947,8,4,Active,S. Mehta
E1432,Karan,Male,22,IT,Data Analyst,Delhi,2023-06-15,107047,9,5,Active,R. Gupta
E1433,Rohit,Female,53,Sales,Sales Executive,Kolkata,2020-10-14,116722,6,5,Active,S. Mehta
E1434,Pooja,Male,40,Finance,Accountant,Kolkata,2018-05-30,113637,9,2,Active,S. Mehta
E1435,Rohit,Male,27,Sales,Sales Manager,Bangalore,2024-03-27,92275,0,3,Active,A. Sharma
E1436,Neha,Male,44,Operations,Operations Manager,Delhi,2024-10-07,88582,3,2,Active,S. Mehta
E1437,Sneha,Male,47,IT,Data Analyst,Mumbai,2018-10-03,57458,13,4,Active,N. Verma
E1438,Sneha,Male,51,Operations,Operations Manager,Chennai,2019-04-03,87765,4,3,Active,A. Sharma
E1439,Nisha,Female,49,Sales,Sales Executive,Bangalore,2021-11-04,94809,12,2,Active,P. Singh
E1440,Sneha,Male,56,Finance,Accountant,Mumbai,2024-06-26,105223,11,5,Active,A. Sharma
E1441,Pooja,Female,22,HR,HR Executive,Chennai,2024-08-23,88880,15,5,Resigned,S. Mehta
E1442,Rohit,Male,37,Finance,Accountant,Bangalore,2021-08-24,85184,1,5,Active,N. Verma
E1443,Ankit,Female,34,Operations,Operations Executive,Pune,2024-07-28,54306,6,4,Resigned,N. Verma
E1444,Sneha,Male,52,HR,HR Manager,Chennai,2021-05-19,38934,6,5,Active,N. Verma
E1445,Amit,Male,32,HR,HR Executive,Chennai,2021-08-01,65610,14,2,Active,N. Verma
E1446,Karan,Male,38,IT,Software Engineer,Delhi,2018-07-02,101425,9,3,Active,R. Gupta
E1447,Priya,Male,43,IT,Data Analyst,Hyderabad,2020-02-07,66802,2,2,Active,R. Gupta
E1448,Vikas,Female,43,Operations,Operations Executive,Bangalore,2024-03-13,32648,15,2,Active,A. Sharma
E1449,Rahul,Female,50,Finance,Accountant,Bangalore,2024-04-16,76575,12,3,Active,S. Mehta
E1450,Priya,Male,56,HR,HR Executive,Delhi,2022-08-18,64431,1,4,Active,R. Gupta
E1451,Rohit,Male,41,HR,HR Manager,Pune,2020-09-07,27057,15,3,Active,P. Singh
E1452,Vikas,Male,34,HR,HR Manager,Bangalore,2023-02-13,44542,10,2,Active,P. Singh
E1453,Nisha,Female,32,Operations,Operations Manager,Bangalore,2018-07-26,58039,15,4,Active,R. Gupta
E1454,Amit,Female,54,Sales,Sales Executive,Delhi,2022-11-01,83232,1,3,Active,P. Singh
E1455,Amit,Female,54,Operations,Operations Manager,Bangalore,2024-10-23,26073,11,3,Active,R. Gupta
E1456,Vikas,Female,30,HR,HR Executive,Kolkata,2019-04-01,108622,15,5,Resigned,A. Sharma
E1457,Nisha,Female,34,HR,HR Executive,Bangalore,2021-08-09,47890,12,2,Resigned,A. Sharma
E1458,Priya,Male,44,Operations,Operations Executive,Bangalore,2018-07-08,26303,14,4,Active,S. Mehta
E1459,Neha,Female,40,Sales,Sales Executive,Delhi,2024-07-14,52548,0,4,Active,N. Verma
E1460,Rahul,Female,42,HR,HR Manager,Bangalore,2021-12-27,107611,11,3,Active,S. Mehta
E1461,Vikas,Female,23,HR,HR Manager,Bangalore,2023-04-12,100623,7,2,Active,A. Sharma
E1462,Karan,Male,25,IT,Data Analyst,Bangalore,2019-11-12,79553,6,3,Resigned,N. Verma
E1463,Vikas,Female,24,HR,HR Executive,Delhi,2024-05-31,33048,12,5,Active,A. Sharma
E1464,Rahul,Male,52,Sales,Sales Manager,Delhi,2020-09-06,96823,8,3,Resigned,S. Mehta
E1465,Ankit,Female,56,HR,HR Manager,Mumbai,2021-09-04,110951,3,5,Resigned,P. Singh
E1466,Neha,Female,56,IT,Software Engineer,Kolkata,2020-12-31,25377,1,2,Active,S. Mehta
E1467,Karan,Female,31,Operations,Operations Executive,Mumbai,2024-01-02,60848,15,2,Resigned,N. Verma
E1468,Pooja,Male,49,Operations,Operations Manager,Mumbai,2019-04-18,48643,3,5,Resigned,A. Sharma
E1469,Nisha,Male,44,Sales,Sales Manager,Pune,2019-04-07,48972,0,3,Active,R. Gupta
E1470,Rohit,Male,28,Finance,Accountant,Mumbai,2020-10-05,89810,2,3,Active,A. Sharma
E1471,Vikas,Male,42,Operations,Operations Manager,Pune,2024-03-22,112165,0,2,Active,P. Singh
E1472,Rahul,Male,53,HR,HR Executive,Kolkata,2023-04-10,31664,3,3,Active,R. Gupta
E1473,Priya,Female,46,HR,HR Manager,Delhi,2021-05-13,100740,12,2,Resigned,P. Singh
E1474,Pooja,Male,51,Operations,Operations Executive,Pune,2021-04-22,68961,8,4,Active,A. Sharma
E1475,Vikas,Female,37,HR,HR Manager,Chennai,2022-11-12,113889,11,3,Active,A. Sharma
E1476,Sneha,Female,43,HR,HR Manager,Pune,2022-02-13,84189,13,5,Active,N. Verma
E1477,Nisha,Female,57,Sales,Sales Executive,Bangalore,2018-08-28,114319,5,3,Active,R. Gupta
E1478,Vikas,Male,48,Operations,Operations Executive,Chennai,2020-02-27,90767,15,2,Active,N. Verma
E1479,Vikas,Female,57,IT,Data Analyst,Delhi,2021-09-23,50238,8,3,Active,A. Sharma
E1480,Vikas,Female,28,Operations,Operations Manager,Delhi,2021-04-10,65573,14,5,Active,N. Verma
E1481,Ankit,Male,46,Finance,Finance Analyst,Mumbai,2024-08-27,45719,13,5,Active,P. Singh
E1482,Karan,Male,25,Finance,Accountant,Kolkata,2018-04-03,109763,13,5,Active,N. Verma
E1483,Karan,Male,43,Finance,Accountant,Hyderabad,2018-08-27,111691,4,3,Active,N. Verma
E1484,Neha,Female,27,Sales,Sales Manager,Chennai,2024-02-16,45904,1,3,Active,A. Sharma
E1485,Rahul,Female,45,IT,Software Engineer,Delhi,2020-02-15,49642,2,2,Active,S. Mehta
E1486,Vikas,Male,38,HR,HR Executive,Chennai,2020-09-04,71630,2,4,Active,S. Mehta
E1487,Karan,Male,51,IT,Software Engineer,Chennai,2018-10-26,96199,15,4,Active,N. Verma
E1488,Rohit,Female,28,Operations,Operations Manager,Delhi,2024-10-09,71005,10,2,Resigned,P. Singh
E1489,Karan,Female,31,IT,Data Analyst,Mumbai,2023-04-28,113017,3,4,Resigned,A. Sharma
E1490,Sneha,Male,21,IT,Software Engineer,Mumbai,2019-04-29,50091,13,2,Resigned,N. Verma
E1491,Neha,Male,25,Finance,Accountant,Hyderabad,2022-02-23,106088,3,4,Active,R. Gupta
E1492,Karan,Male,25,Sales,Sales Executive,Kolkata,2023-06-07,47198,12,4,Active,N. Verma
E1493,Pooja,Male,38,IT,Software Engineer,Kolkata,2019-02-21,67533,10,4,Active,N. Verma
E1494,Simran,Female,23,Sales,Sales Manager,Pune,2019-08-31,46022,3,3,Active,N. Verma
E1495,Priya,Male,39,Operations,Operations Manager,Chennai,2022-12-31,66144,0,3,Active,R. Gupta
E1496,Sneha,Male,32,IT,Data Analyst,Pune,2022-05-12,87146,12,4,Active,A. Sharma
E1497,Pooja,Female,24,HR,HR Executive,Chennai,2019-01-06,55442,6,2,Active,S. Mehta
E1498,Pooja,Female,49,Finance,Finance Analyst,Hyderabad,2020-10-29,37872,11,4,Active,S. Mehta
E1499,Nisha,Male,50,HR,HR Manager,Delhi,2020-07-04,79331,3,3,Resigned,R. Gupta
E1500,Priya,Male,49,Operations,Operations Manager,Kolkata,2024-01-26,74475,9,5,Resigned,P. Singh
